-- phpMyAdmin SQL Dump
-- version 4.9.7
-- https://www.phpmyadmin.net/
--
-- Host: localhost:3306
-- Generation Time: Nov 20, 2022 at 11:46 PM
-- Server version: 5.7.39-cll-lve
-- PHP Version: 7.4.30

SET SQL_MODE = "NO_AUTO_VALUE_ON_ZERO";
SET AUTOCOMMIT = 0;
START TRANSACTION;
SET time_zone = "+00:00";


/*!40101 SET @OLD_CHARACTER_SET_CLIENT=@@CHARACTER_SET_CLIENT */;
/*!40101 SET @OLD_CHARACTER_SET_RESULTS=@@CHARACTER_SET_RESULTS */;
/*!40101 SET @OLD_COLLATION_CONNECTION=@@COLLATION_CONNECTION */;
/*!40101 SET NAMES utf8mb4 */;

--
-- Database: `xyproducts`
--

-- --------------------------------------------------------

--
-- Table structure for table `track_202290_locations`
--

CREATE TABLE `track_202290_locations` (
  `id` int(13) NOT NULL,
  `lat` decimal(8,6) NOT NULL,
  `lng` decimal(9,6) NOT NULL,
  `description` text NOT NULL,
  `photo` varchar(256) NOT NULL,
  `icon` varchar(256) NOT NULL,
  `date_create` datetime NOT NULL
) ENGINE=InnoDB DEFAULT CHARSET=latin1;

--
-- Dumping data for table `track_202290_locations`
--

INSERT INTO `track_202290_locations` (`id`, `lat`, `lng`, `description`, `photo`, `icon`, `date_create`) VALUES
(1, '37.720440', '-122.388610', 'Getrov pitomke tafaluro wima vorojima eletudheh itimezbib pa ariopo dezesifi nurdotren kemup.', 'https://via.placeholder.com/463x511/794/fff/?text=PHOTO', 'https://via.placeholder.com/447x449/583/fff/?text=ICON', '2022-05-09 17:39:34'),
(2, '37.790120', '-122.441450', 'Bupjutpug loas pus wujur larwidpi ponuro sas ka dazguc ukpubza fu sanzif ezugavluz.', 'https://via.placeholder.com/513x503/48A/fff/?text=PHOTO', 'https://via.placeholder.com/394x539/83A/fff/?text=ICON', '2020-08-30 14:53:34'),
(3, '37.745010', '-122.376710', 'Iprehu nafof foretajaz zohudciw pofam afo kamemhe evtib aw unoliil befile loji ar ra vifgema sorogpi pijgekar athik.', 'https://via.placeholder.com/502x369/B5B/fff/?text=PHOTO', 'https://via.placeholder.com/428x440/93A/fff/?text=ICON', '2021-01-24 18:43:44'),
(4, '37.699960', '-122.485150', 'Girzav evupih zo rih ropu haw afaev tu defur nenru tuga tasnedod kon kerfo vefer oro gazsuk zihiz.', 'https://via.placeholder.com/545x525/9A9/fff/?text=PHOTO', 'https://via.placeholder.com/398x380/945/fff/?text=ICON', '2022-11-01 03:24:22'),
(5, '37.683890', '-122.486590', 'Lasuzuv ehja revcaala ecuahu gel zeal zosemaf ok gesauje adpot kejrohut ehasenolu di.', 'https://via.placeholder.com/471x510/B88/fff/?text=PHOTO', 'https://via.placeholder.com/521x476/A4A/fff/?text=ICON', '2021-08-31 17:25:45'),
(6, '37.793010', '-122.487700', 'Somliddu fu osi co ren muzkiked ossokco idepu su pa on zi vilvinika.', 'https://via.placeholder.com/413x467/36A/fff/?text=PHOTO', 'https://via.placeholder.com/445x370/B94/fff/?text=ICON', '2020-10-05 11:45:28'),
(7, '37.772420', '-122.452050', 'Pamrabju nivwa docmigfa lel sak viklut ne up feak sini dobutga ih hekep gapli fehe ja mi.', 'https://via.placeholder.com/403x557/3A9/fff/?text=PHOTO', 'https://via.placeholder.com/543x402/68B/fff/?text=ICON', '2022-08-16 21:28:40'),
(8, '37.715020', '-122.486390', 'Wo pag poc lek bubevu weradkiz nelirte hiw jommi ac cutleemi vaut azividaz volun ji campure orauli.', 'https://via.placeholder.com/361x473/538/fff/?text=PHOTO', 'https://via.placeholder.com/404x587/868/fff/?text=ICON', '2022-02-20 20:49:29'),
(9, '37.722090', '-122.499990', 'Feuwe kozij dunhebcod low ho pu ewaba padahba vuvma jupkovi bowawog acu.', 'https://via.placeholder.com/581x580/637/fff/?text=PHOTO', 'https://via.placeholder.com/457x509/B63/fff/?text=ICON', '2021-04-06 03:19:42'),
(10, '37.684980', '-122.402320', 'Asu upo gihketju naaduvug caz isejam giwon fupog cibfekap civo kuipava jesebiicu oziovopa bakducvoj ja nellevo juhvus.', 'https://via.placeholder.com/544x451/3A3/fff/?text=PHOTO', 'https://via.placeholder.com/385x551/655/fff/?text=ICON', '2021-10-05 03:09:45'),
(11, '37.752610', '-122.485930', 'Pabkolpa geokewic fizup ci jezer sehda gis otiilo ovirusa ipfa nizhu wa zogokot gitmoz dicar uzezaguz.', 'https://via.placeholder.com/397x546/657/fff/?text=PHOTO', 'https://via.placeholder.com/372x454/BAA/fff/?text=ICON', '2020-03-04 07:45:50'),
(12, '37.701640', '-122.498150', 'Mizu giot keskufem lu gignit wuhag zobibizi hongep fef monade derdeuro ma bit vi lidhum kito ziperam.', 'https://via.placeholder.com/590x378/4B6/fff/?text=PHOTO', 'https://via.placeholder.com/551x488/468/fff/?text=ICON', '2022-09-18 19:47:11'),
(13, '37.770260', '-122.478840', 'Giw fozurece jufnabsu hi wa gambal zajoseevi cu meknil ni vojtawzil en midos nopsip.', 'https://via.placeholder.com/407x498/5A5/fff/?text=PHOTO', 'https://via.placeholder.com/440x364/889/fff/?text=ICON', '2020-04-14 18:38:32'),
(14, '37.775280', '-122.401890', 'Zasijo gi sov huvsir jino omkef fo rupul doknuaz no pedoj beduti sa zeprujso vizgugi usuvokfe rojihci winiras.', 'https://via.placeholder.com/409x568/97A/fff/?text=PHOTO', 'https://via.placeholder.com/534x380/939/fff/?text=ICON', '2021-12-08 00:18:26'),
(15, '37.750070', '-122.442150', 'Hizjos nohzohwud tu vejlepip raj ovwovuse puno gagocwo hutpaele gaskiepe rihnuhka gobir isi gunerejaf pom doncuiso ked daskat.', 'https://via.placeholder.com/548x417/888/fff/?text=PHOTO', 'https://via.placeholder.com/506x542/855/fff/?text=ICON', '2021-02-14 01:16:32'),
(16, '37.734480', '-122.396170', 'Imdiju rolwaizo bupolmir gig eje ivfekfo wi cop ebubibi tuw ojvakzew aviru.', 'https://via.placeholder.com/591x502/6BA/fff/?text=PHOTO', 'https://via.placeholder.com/442x355/676/fff/?text=ICON', '2021-01-14 11:31:59'),
(17, '37.705210', '-122.423260', 'Pef uwikoj rehow celoj go konornib iwewo kal jog wemwip liva nuitro rejeke zagnot furo cap ambekezi zinuciih.', 'https://via.placeholder.com/444x581/5AA/fff/?text=PHOTO', 'https://via.placeholder.com/406x372/576/fff/?text=ICON', '2020-10-06 12:18:41'),
(18, '37.752920', '-122.434190', 'Kebfojfu boeb ultab muzkizi ra miare kejuz fizpup muf velenmi ku ha.', 'https://via.placeholder.com/505x361/BB7/fff/?text=PHOTO', 'https://via.placeholder.com/593x372/B83/fff/?text=ICON', '2020-02-11 09:47:28'),
(19, '37.738540', '-122.416350', 'Zuwafi ra sabfi zaki rucouzo leemsab wo tinorsa favim red si lob geeco afazonik.', 'https://via.placeholder.com/464x366/946/fff/?text=PHOTO', 'https://via.placeholder.com/524x482/737/fff/?text=ICON', '2021-09-27 06:49:37'),
(20, '37.785900', '-122.449790', 'Fetubrew ettok igzuh co ewkuge utisig kab buz fi ivi wumowe hi.', 'https://via.placeholder.com/444x588/336/fff/?text=PHOTO', 'https://via.placeholder.com/405x474/756/fff/?text=ICON', '2022-06-09 04:09:14'),
(21, '37.688150', '-122.477790', 'Egolohvic nohidagop rusanan zevrir mozvejas fifif gekdajdut sopobec zige gufabo na danponza.', 'https://via.placeholder.com/465x546/6B8/fff/?text=PHOTO', 'https://via.placeholder.com/404x409/496/fff/?text=ICON', '2022-02-20 21:51:26'),
(22, '37.768100', '-122.398660', 'Magjilu ta mudnefake pot de cesgoksif tukebha zomuze osipogku sorbehe ze seosjas usiejrav jiv baho lihgi bus ibrante.', 'https://via.placeholder.com/362x353/6A8/fff/?text=PHOTO', 'https://via.placeholder.com/362x546/A59/fff/?text=ICON', '2021-03-12 20:57:00'),
(23, '37.688200', '-122.466700', 'Na duspuli cocbaj uludevfum taho igiba ge nopdogsuw je je tog avoteju da jiguuf luuj.', 'https://via.placeholder.com/489x573/886/fff/?text=PHOTO', 'https://via.placeholder.com/356x494/A49/fff/?text=ICON', '2022-03-20 10:08:54'),
(24, '37.677980', '-122.469650', 'Ij sinisoeh as gen uboah desesih lisigice led hadpid rag bepfop hukec vipe sirgi dianpol copa utvocur kowoaza.', 'https://via.placeholder.com/370x419/B75/fff/?text=PHOTO', 'https://via.placeholder.com/538x449/584/fff/?text=ICON', '2020-03-19 00:28:14'),
(25, '37.685840', '-122.497750', 'Gow fogfuscul so cuboninaw lawnoive sokvaw imacam bav zojak ujvakas kehfojow bokras vuvocad tahifgur salni avu mo sam.', 'https://via.placeholder.com/400x440/57A/fff/?text=PHOTO', 'https://via.placeholder.com/398x454/777/fff/?text=ICON', '2020-01-16 23:14:20'),
(26, '37.721560', '-122.371190', 'Uk hilohre utanobu cip muvo mamzeg nuril mazomiw hevas zuira leubkij semer.', 'https://via.placeholder.com/559x498/793/fff/?text=PHOTO', 'https://via.placeholder.com/421x598/396/fff/?text=ICON', '2020-09-16 19:45:48'),
(27, '37.706710', '-122.470120', 'Ehuca fojujho civi tahrunjel ha kova itaufi et lo dihuf nok ca ik ore ehadiage dulzovgin.', 'https://via.placeholder.com/421x354/644/fff/?text=PHOTO', 'https://via.placeholder.com/383x505/383/fff/?text=ICON', '2021-12-05 12:16:14'),
(28, '37.749490', '-122.385270', 'Ehawo hagva eko ge gonira fen cewego guzmo cupove goglis lup randeruj uhizuj.', 'https://via.placeholder.com/492x588/484/fff/?text=PHOTO', 'https://via.placeholder.com/402x569/963/fff/?text=ICON', '2021-01-24 22:38:49'),
(29, '37.732800', '-122.402570', 'Mof vepa mukdak zetga utuvubge dipeg zezinof ab cev wazenwu citucar lem dukra emeduapo tuniiwa tu susuji pi.', 'https://via.placeholder.com/534x563/949/fff/?text=PHOTO', 'https://via.placeholder.com/594x482/57B/fff/?text=ICON', '2020-08-08 18:21:55'),
(30, '37.741870', '-122.490110', 'Uvopazna evjot biz unabul nuhki ba ige wudujjah put pitartuw budageebe hag zouc ronov vim ka.', 'https://via.placeholder.com/513x548/54B/fff/?text=PHOTO', 'https://via.placeholder.com/450x392/548/fff/?text=ICON', '2022-01-29 19:42:15'),
(31, '37.703390', '-122.432980', 'Sap nip ozuaro pilhios govarcok mafitgeb pesaoku go rethi nekeri ki kaibival zali zeul holcon vav.', 'https://via.placeholder.com/531x449/867/fff/?text=PHOTO', 'https://via.placeholder.com/588x423/57A/fff/?text=ICON', '2020-01-22 01:34:04'),
(32, '37.758580', '-122.447990', 'Ofotov rovzaese aketili umopu etab hum toigu epukubho mughofa wika soun fuce nowaw alu bupi puca cahwuavi.', 'https://via.placeholder.com/537x587/BB3/fff/?text=PHOTO', 'https://via.placeholder.com/380x381/A44/fff/?text=ICON', '2020-10-03 22:47:57'),
(33, '37.701370', '-122.448190', 'Bu gaturwu novgovzot jahin ceh nudidi ejwita povlafpid mapo gohdi ug teglu ofawasaf luwbobmom.', 'https://via.placeholder.com/442x542/585/fff/?text=PHOTO', 'https://via.placeholder.com/546x567/B8B/fff/?text=ICON', '2022-02-14 03:53:38'),
(34, '37.671450', '-122.420130', 'Pudupfep udi eztuju vasrumi bizohu sejasew leruhal weucu wo wiawa bizlodjim gorigzew azo.', 'https://via.placeholder.com/392x570/873/fff/?text=PHOTO', 'https://via.placeholder.com/417x443/89A/fff/?text=ICON', '2021-02-28 07:02:18'),
(35, '37.740110', '-122.395340', 'Varicho we ihomagku nuv zab amoslet arbo ju bah ji ce eba do hefpuobo goiga.', 'https://via.placeholder.com/411x416/765/fff/?text=PHOTO', 'https://via.placeholder.com/596x510/56A/fff/?text=ICON', '2021-02-25 21:46:43'),
(36, '37.788990', '-122.424730', 'Desiwav voltuec ubvip mewurebo tizec bitup pig zes liptajno vim zejocwaw evewpum kuesja cu gijkuuc dosoc bujmitaw.', 'https://via.placeholder.com/421x561/638/fff/?text=PHOTO', 'https://via.placeholder.com/501x417/659/fff/?text=ICON', '2020-08-21 13:44:13'),
(37, '37.705790', '-122.475810', 'Vo puwcicez pofzid kahivaw hog co ta ufihojul omu ro nigijoofe ugrulus ih arbasvo.', 'https://via.placeholder.com/587x433/A63/fff/?text=PHOTO', 'https://via.placeholder.com/571x590/A35/fff/?text=ICON', '2021-11-06 04:40:37'),
(38, '37.734070', '-122.427000', 'Upanobin cekve tab teg amo kuv boziod ikhimo ca od vemcef vonabmu ko rumvenkal omfih rimgon.', 'https://via.placeholder.com/509x575/574/fff/?text=PHOTO', 'https://via.placeholder.com/387x532/6BA/fff/?text=ICON', '2020-07-01 13:51:31'),
(39, '37.683260', '-122.469580', 'Uzikero luhde icleduf dacewim lemdid dimtek tawpewag ohlatro beowumu gugnukben doasi dihigul biv.', 'https://via.placeholder.com/560x418/7BB/fff/?text=PHOTO', 'https://via.placeholder.com/508x523/475/fff/?text=ICON', '2020-12-17 02:19:27'),
(40, '37.749740', '-122.470570', 'Si ha ad vijeb hapku genumu let agbuk owzohaha wucitjoz mafa juube ro si kocosuha.', 'https://via.placeholder.com/405x401/863/fff/?text=PHOTO', 'https://via.placeholder.com/417x371/A43/fff/?text=ICON', '2020-05-16 16:12:09'),
(41, '37.684620', '-122.473640', 'Tefcu dow ta civ fesum po ju ujze gofif tofbuv lehidoki refcu ja.', 'https://via.placeholder.com/548x372/376/fff/?text=PHOTO', 'https://via.placeholder.com/556x486/896/fff/?text=ICON', '2022-10-08 02:25:07'),
(42, '37.762780', '-122.490590', 'Roaci nakturne fun hug mobo ca izniobo wo verbu ocradoc nagsosca lojo.', 'https://via.placeholder.com/535x507/7BB/fff/?text=PHOTO', 'https://via.placeholder.com/537x426/A97/fff/?text=ICON', '2022-04-08 11:08:26'),
(43, '37.725510', '-122.491930', 'Gupnaohi upoko wastake pajbim divsud dire rulmug lalig tajes vupruc vom epanohzi nogiiv kokpabor ga el.', 'https://via.placeholder.com/530x465/735/fff/?text=PHOTO', 'https://via.placeholder.com/554x569/B97/fff/?text=ICON', '2020-12-04 22:34:55'),
(44, '37.702940', '-122.489710', 'Liw amezueza ub ki iriar ge kol worimalu zih lec memne subu sesojvu diokowo.', 'https://via.placeholder.com/550x579/8AA/fff/?text=PHOTO', 'https://via.placeholder.com/365x571/B49/fff/?text=ICON', '2020-03-07 22:12:17'),
(45, '37.735580', '-122.476360', 'Viin ew vahu moto toctapo revoj bu gu ruun woj sahjaj amu foni.', 'https://via.placeholder.com/521x544/367/fff/?text=PHOTO', 'https://via.placeholder.com/394x374/549/fff/?text=ICON', '2021-11-14 17:28:05'),
(46, '37.781510', '-122.373760', 'Meziak jojuwuosu up teg duzdi povuvav tolop osme juv aw zo amoz ta wo bifumuv wij fic juh.', 'https://via.placeholder.com/498x398/7A9/fff/?text=PHOTO', 'https://via.placeholder.com/525x455/897/fff/?text=ICON', '2022-07-08 08:23:41'),
(47, '37.702080', '-122.471720', 'Itgudaw era mu geb ukaow vovha huluszoc disme laebi lil farha ir vucepi ufujug van tedlo kefenku.', 'https://via.placeholder.com/572x456/94A/fff/?text=PHOTO', 'https://via.placeholder.com/585x476/B65/fff/?text=ICON', '2021-02-16 08:35:14'),
(48, '37.731560', '-122.409620', 'Cuzzo kosukhe nap temobo monufguv nip wag pupvip co mun ihreved juwojud toceh zulzaza kirujow niwtatwav fuhuhu jewwa.', 'https://via.placeholder.com/369x452/8BB/fff/?text=PHOTO', 'https://via.placeholder.com/370x431/347/fff/?text=ICON', '2020-07-13 06:19:42'),
(49, '37.721710', '-122.471240', 'Vofamab fo nuczad jegohrik tanwagok bigwuwe zevi sovbecic ba itezi tuf koz angos babcar helhocap pi.', 'https://via.placeholder.com/562x404/5AA/fff/?text=PHOTO', 'https://via.placeholder.com/583x379/A98/fff/?text=ICON', '2021-07-10 23:48:43'),
(50, '37.743500', '-122.475850', 'Vedbo cu led wewivjul ol janieg vasze ler ceghuvo bufsuj zukawehi wuz cin.', 'https://via.placeholder.com/412x554/7A6/fff/?text=PHOTO', 'https://via.placeholder.com/413x422/738/fff/?text=ICON', '2021-11-16 23:26:14');

-- --------------------------------------------------------

--
-- Table structure for table `track_202290_sunsets`
--

CREATE TABLE `track_202290_sunsets` (
  `id` int(13) NOT NULL,
  `user_id` int(13) NOT NULL,
  `name` varchar(64) NOT NULL,
  `weather` varchar(64) NOT NULL,
  `description` text NOT NULL,
  `img` varchar(256) NOT NULL,
  `date_create` datetime NOT NULL,
  `landscape` varchar(50) NOT NULL,
  `location_id` int(13) NOT NULL,
  `sunset_time` datetime NOT NULL
) ENGINE=InnoDB DEFAULT CHARSET=latin1;

--
-- Dumping data for table `track_202290_sunsets`
--

INSERT INTO `track_202290_sunsets` (`id`, `user_id`, `name`, `weather`, `description`, `img`, `date_create`, `landscape`, `location_id`, `sunset_time`) VALUES
(1, 10, 'My Sunset1', 'sunny', 'Wohidmu pornar wodka ibafe vukek du ugibazo bobeb ukiugo pizolpo oczi suwhu tov caglobvi cuvugu dos.', 'https://via.placeholder.com/375x401/9B4/fff/?text=My Sunset1', '2022-06-26 00:24:07', 'top of mountain', 20, '2022-02-19 10:26:03'),
(2, 2, 'My Sunset2', 'rainy', 'Jebculi sipoc ot badbo le zobhiwob jitkedok ref se vodi uzluzeb esjieb duhi.', 'https://via.placeholder.com/593x424/AAB/fff/?text=My Sunset2', '2022-06-21 01:17:11', 'lake', 17, '2020-06-26 11:28:07'),
(3, 1, 'My Sunset3', 'sunny', 'Nepaco gunjuwmaw gibcofos bamji dov golelo monlije ceceham tukuh hitusa johir himdafas orka bona hewoku.', 'https://via.placeholder.com/497x428/69A/fff/?text=My Sunset3', '2021-01-28 11:59:26', 'river', 19, '2020-10-26 21:26:44'),
(4, 10, 'My Sunset4', 'foggy', 'Bibvic fu escam juh ike tekole vetcosadi havdap got jepa ka tocjut.', 'https://via.placeholder.com/358x588/933/fff/?text=My Sunset4', '2022-06-04 09:08:31', 'skyscraper', 16, '2021-03-25 11:46:45'),
(5, 5, 'My Sunset5', 'windy', 'Jubfuzac wapzag mota if vutuh hokeguk ken latveg de hoglihpat hepofu ceg jakpu fu.', 'https://via.placeholder.com/363x568/753/fff/?text=My Sunset5', '2021-08-24 10:37:14', 'park', 48, '2021-12-20 04:38:28'),
(6, 9, 'My Sunset6', 'rainy', 'Ekwawmab itreifa ovagu us pa teca pijkiguk me ja tadlusuke ville owe umup suw li.', 'https://via.placeholder.com/463x540/865/fff/?text=My Sunset6', '2021-04-21 01:24:46', 'lake', 5, '2022-08-18 18:18:13'),
(7, 10, 'My Sunset7', 'clear', 'Dapowama ji za pahav za ceahu buhgena anugo to peusuzu pole pogijkab ubilinde zufhobdi ti kuw wibormov ruksewho.', 'https://via.placeholder.com/542x485/A48/fff/?text=My Sunset7', '2020-03-26 14:50:36', 'beach', 42, '2022-07-09 10:21:17'),
(8, 1, 'My Sunset8', 'sunny', 'Ujaugo tosev willozej ti are zilmago awtipnu tetu bo ofiku tieno mepiwmid.', 'https://via.placeholder.com/384x583/6B9/fff/?text=My Sunset8', '2022-10-21 15:42:22', 'desert', 26, '2020-08-03 07:55:41'),
(9, 8, 'My Sunset9', 'snowy', 'Vi difsiti fu dab naseal mizoje nabali fafuhefap oreazsat caliku houl nudajago anpug mona bughak.', 'https://via.placeholder.com/358x532/B67/fff/?text=My Sunset9', '2022-09-13 00:34:25', 'lake', 28, '2020-01-16 21:08:33'),
(10, 6, 'My Sunset10', 'foggy', 'Gisoli jitem jovep idduhdam zulresu it isuepug uzu livo te rofba gum maefuvad epij ri ugu.', 'https://via.placeholder.com/530x524/789/fff/?text=My Sunset10', '2021-03-13 14:55:58', 'park', 37, '2021-08-21 17:17:42'),
(11, 5, 'My Sunset11', 'sea of clouds', 'Rug kivase ikadapo duf makuka pat dapoz ovigah uvkut fomi afa tez woj.', 'https://via.placeholder.com/428x448/459/fff/?text=My Sunset11', '2021-08-25 07:09:06', 'cliff', 38, '2020-12-23 06:32:34'),
(12, 9, 'My Sunset12', 'snowy', 'Va sar wucpazhub pulkenos cakukiga zuj wa maci rud finril evibapa laguflew gevegpar umeeku mucis zeecru mizhil agofujsok.', 'https://via.placeholder.com/420x576/B44/fff/?text=My Sunset12', '2021-02-17 02:02:10', 'river', 44, '2022-06-14 02:40:22'),
(13, 7, 'My Sunset13', 'windy', 'Nelnud fu va koh tuhra arel sourepu wackah jasovru gavvi ifowup sim iga bul non geke.', 'https://via.placeholder.com/451x466/AA9/fff/?text=My Sunset13', '2022-05-11 22:56:42', 'cliff', 23, '2020-01-09 22:31:12'),
(14, 10, 'My Sunset14', 'sunny', 'Okwiriku moc gob avjovo uswuz gigwat cagmo ocsi epvucwe pohvak romuwbe bo labofah niwu an ni bewsu likume.', 'https://via.placeholder.com/582x473/694/fff/?text=My Sunset14', '2020-10-08 01:44:29', 'beach', 25, '2021-06-07 21:19:29'),
(15, 7, 'My Sunset15', 'foggy', 'Hucoafe epuero os gu ru wato gailibu barcitpo purot wilimo ojata lesejah cavfepwiw anrav cov ca.', 'https://via.placeholder.com/426x513/979/fff/?text=My Sunset15', '2021-06-16 12:46:31', 'park', 17, '2020-01-23 06:59:54'),
(16, 3, 'My Sunset16', 'foggy', 'Dut ve vuj tathaigo gijuz ah cephiz kot igesevi vovku bevgage ramireham upuwus wi dutvieso.', 'https://via.placeholder.com/564x403/365/fff/?text=My Sunset16', '2022-11-13 21:13:51', 'river', 22, '2020-04-09 05:57:21'),
(17, 9, 'My Sunset17', 'snowy', 'Rosenmo cipod tohhajso ruw kohezke cu hot zafdaf ezuzi gownaro ceevo apjiuh ga.', 'https://via.placeholder.com/365x475/A96/fff/?text=My Sunset17', '2020-12-25 18:44:42', 'park', 46, '2022-05-17 06:11:48'),
(18, 7, 'My Sunset18', 'cloudy', 'Aru asuapa biki me pisja gojdizmih buso ka dosson uwi ecco fifiufi ziz ges kigepciw.', 'https://via.placeholder.com/529x461/A77/fff/?text=My Sunset18', '2021-06-17 07:15:36', 'river', 36, '2022-02-28 13:13:11'),
(19, 4, 'My Sunset19', 'foggy', 'Wakha re retsom goswo loteat wahlu dohazvec vetuad bujigpef vosohwan onzig gor din pahnohde ba savobvas.', 'https://via.placeholder.com/595x427/858/fff/?text=My Sunset19', '2022-05-21 17:37:51', 'skyscraper', 24, '2021-08-07 04:03:02'),
(20, 8, 'My Sunset20', 'windy', 'Az hi mabi af hep luvtozuz ner fo joludi kadeica vij pimegud hahwit nawe odac aluboru.', 'https://via.placeholder.com/534x381/838/fff/?text=My Sunset20', '2020-03-29 04:54:25', 'cliff', 22, '2021-09-13 09:36:43'),
(21, 1, 'My Sunset21', 'snowy', 'Fezme nehwaz giwiko iriwumdu ledhi cifiezi ilolizizo eno ruepozu inu can oh degzo osotu cauteula ugnut.', 'https://via.placeholder.com/432x441/488/fff/?text=My Sunset21', '2021-01-10 23:21:44', 'beach', 19, '2021-03-15 04:07:35'),
(22, 9, 'My Sunset22', 'snowy', 'Juwin ajta wopnaw miadi pucfu bijuctu ge olaiklug tastib lonuhoso ji fujlo mivruto umejiup fodwuere lebbiwkeg.', 'https://via.placeholder.com/392x489/737/fff/?text=My Sunset22', '2020-06-21 17:01:36', 'skyscraper', 8, '2021-05-03 19:57:12'),
(23, 6, 'My Sunset23', 'rainy', 'Covis kedkil mocawila fatog miduw siwassul nol ohika do ja zobcij me.', 'https://via.placeholder.com/432x599/78B/fff/?text=My Sunset23', '2021-05-25 15:06:11', 'skyscraper', 25, '2020-08-11 07:21:12'),
(24, 8, 'My Sunset24', 'rainy', 'Vafzidga kojcap fihne vabahom am jepuz col upa lulcaena nu akmug datuset go algimi hajeju cutogi.', 'https://via.placeholder.com/480x480/A93/fff/?text=My Sunset24', '2021-10-17 20:07:33', 'river', 29, '2021-11-06 10:39:43'),
(25, 9, 'My Sunset25', 'foggy', 'Zijujum toro esedi losunina nuj ti af bisewi camneswoc kihaba mu remoc lujescef deho zogkevkal fefuza.', 'https://via.placeholder.com/393x461/654/fff/?text=My Sunset25', '2021-11-06 22:55:44', 'cliff', 27, '2022-01-30 05:02:23'),
(26, 3, 'My Sunset26', 'windy', 'Wij uca fiwpa umo et don ighuh hohsekjov mogug fov anvuj ojo evsekob uzatih icgo.', 'https://via.placeholder.com/399x538/6AB/fff/?text=My Sunset26', '2022-09-21 13:48:18', 'beach', 45, '2022-05-14 10:37:14'),
(27, 10, 'My Sunset27', 'windy', 'Vehe semke cobihe cuvfi ikudikwi dopun zifbila lik lesog gikir as dihaj dinel an kijbujeb sen ga pujru.', 'https://via.placeholder.com/548x494/338/fff/?text=My Sunset27', '2021-06-12 16:04:25', 'top of mountain', 40, '2022-06-06 04:33:08'),
(28, 9, 'My Sunset28', 'rainy', 'Er bok sefbalze fik cih hin biddi ig ezmeesa junanu iv netci icbub ili.', 'https://via.placeholder.com/534x581/9A5/fff/?text=My Sunset28', '2021-08-31 03:59:27', 'top of mountain', 22, '2020-08-26 09:05:23'),
(29, 4, 'My Sunset29', 'cloudy', 'Amo gegfip vedgulor jopiltub tanvup ki fehri mafjuhu va girha sinaubu viejo rafu odahe.', 'https://via.placeholder.com/539x534/494/fff/?text=My Sunset29', '2022-08-22 07:25:19', 'lake', 38, '2021-01-12 00:36:41'),
(30, 6, 'My Sunset30', 'cloudy', 'Ofce douru cus oboawo secif menig ceniz sakahca gewo ujelu weceiv tujawpe koddebho reweci eswa go.', 'https://via.placeholder.com/593x532/B98/fff/?text=My Sunset30', '2022-08-13 21:34:22', 'river', 15, '2020-11-25 22:54:47'),
(31, 8, 'My Sunset31', 'sunny', 'Nizdupeb vo ozaavni waro dizba fijnamgo pal konme purewab gethaami evne ji.', 'https://via.placeholder.com/589x361/BB8/fff/?text=My Sunset31', '2021-01-22 01:39:11', 'top of mountain', 10, '2021-01-24 04:15:00'),
(32, 2, 'My Sunset32', 'sunny', 'Ceweji lemmamu sibnu doz nis utvufu pageju bac gilipo rommo dudif zovijim pezinjuv vat nibbabote jiaj.', 'https://via.placeholder.com/394x573/749/fff/?text=My Sunset32', '2020-09-28 03:54:50', 'lake', 47, '2022-10-31 17:52:46'),
(33, 5, 'My Sunset33', 'foggy', 'Juplolcef tuoz tuldu pofman owcesus abiah sijcoeh fu rodijaw busah zop topdognow.', 'https://via.placeholder.com/494x511/446/fff/?text=My Sunset33', '2020-04-03 20:44:39', 'skyscraper', 29, '2022-10-23 19:23:03'),
(34, 8, 'My Sunset34', 'cloudy', 'Anomuj wa hilolow du dalic lowmejfim ugihpal duba deut ubi wufa vupute.', 'https://via.placeholder.com/459x594/885/fff/?text=My Sunset34', '2020-04-23 15:08:41', 'river', 17, '2022-05-18 10:22:35'),
(35, 4, 'My Sunset35', 'snowy', 'Aj veruk fedotus jajuat awizaz goc rauwuf be jicsojpa koz mihucez elararci dujuj upvo wihjotte zobec.', 'https://via.placeholder.com/358x464/567/fff/?text=My Sunset35', '2022-04-24 11:37:28', 'river', 31, '2021-06-20 02:24:03'),
(36, 4, 'My Sunset36', 'sunny', 'Fowvifa sasiapa mabacpop feojji vazziro osu baatoje cilos zuztow farwewwi he zazapude nunhas cip vulhe fiof.', 'https://via.placeholder.com/375x533/8A9/fff/?text=My Sunset36', '2021-11-15 23:03:10', 'park', 5, '2020-09-15 22:10:13'),
(37, 10, 'My Sunset37', 'rainy', 'Pirzi bugwov elan behok ju am cosese eriago zifiw zimta wo nuciv docun jogsocbom apdobad avajala.', 'https://via.placeholder.com/362x509/963/fff/?text=My Sunset37', '2021-04-09 19:20:19', 'park', 4, '2020-10-24 11:47:34'),
(38, 10, 'My Sunset38', 'snowy', 'Wabkicsol bupu vi zirfol jenufov menmunran he lah hiw ravvi homef ma hozire mu.', 'https://via.placeholder.com/487x504/866/fff/?text=My Sunset38', '2020-08-15 22:59:23', 'river', 42, '2021-04-07 06:11:50'),
(39, 9, 'My Sunset39', 'cloudy', 'Gacros liv gepaz pal inojajme runinzi favom gihsa pidkab tavtalev lip sa hi.', 'https://via.placeholder.com/491x523/56A/fff/?text=My Sunset39', '2022-10-15 14:19:16', 'cliff', 24, '2020-03-29 07:47:23'),
(40, 2, 'My Sunset40', 'foggy', 'Vome aniuji kuuc mugofeg ve feradar imapogwuc vi orowuzef budjouf nebja tetlacrag iveum.', 'https://via.placeholder.com/462x577/5AA/fff/?text=My Sunset40', '2020-10-21 11:28:47', 'desert', 9, '2020-07-15 13:56:24'),
(41, 8, 'My Sunset41', 'sunny', 'Gom ulaos va rika heva tipote losdaw sagu mirewze ikme gokinal ucaro zif tabwekime nibam ajuaz padasa.', 'https://via.placeholder.com/508x355/594/fff/?text=My Sunset41', '2021-01-03 12:14:05', 'river', 45, '2020-08-22 07:18:15'),
(42, 8, 'My Sunset42', 'sea of clouds', 'Davepci fafmu guvotgos anu raca zovevuj haz unegiohi vubotugu bafgu fetfubir jolec.', 'https://via.placeholder.com/414x422/95B/fff/?text=My Sunset42', '2020-10-07 09:04:25', 'park', 4, '2021-07-10 20:24:11'),
(43, 7, 'My Sunset43', 'sunny', 'Ki pe uki pope koagwig te zelu ezza zibekgo goj gadduve simhev azvu luw.', 'https://via.placeholder.com/398x372/485/fff/?text=My Sunset43', '2021-05-04 09:22:31', 'desert', 13, '2020-06-18 06:10:32'),
(44, 2, 'My Sunset44', 'sea of clouds', 'Baep esuwaw se aniulcim zawuclif tu cugum iz ulaho fave pizi wus gemew wa zijpoz cejapnip.', 'https://via.placeholder.com/430x593/399/fff/?text=My Sunset44', '2022-11-08 02:33:57', 'top of mountain', 25, '2021-11-30 10:02:30'),
(45, 9, 'My Sunset45', 'sea of clouds', 'Tipomim giz ketob ridlaran vo padjeltus ketkek ro gav kidtepel no nugpaaw uj.', 'https://via.placeholder.com/584x521/3A8/fff/?text=My Sunset45', '2020-01-21 03:53:46', 'skyscraper', 1, '2022-05-17 08:35:17'),
(46, 7, 'My Sunset46', 'snowy', 'Fez du lapvulmul savzaobu fo ugunrug sul cekorgij poftik tipvomdod gievu jumaj iznurab.', 'https://via.placeholder.com/579x446/835/fff/?text=My Sunset46', '2022-05-09 13:40:33', 'desert', 4, '2022-01-29 04:30:12'),
(47, 4, 'My Sunset47', 'foggy', 'Noldon izehe suw kawenu bit jasi zudhamma sodic parku orco cazuk rafotsap za ta edla lalobael hov jodfohnok.', 'https://via.placeholder.com/372x581/B43/fff/?text=My Sunset47', '2021-08-25 12:29:23', 'skyscraper', 27, '2020-04-30 02:22:53'),
(48, 10, 'My Sunset48', 'sunny', 'Kek tet guha ohlefhom zad if tohlejah iho jotne kune navwezop fomen.', 'https://via.placeholder.com/521x352/893/fff/?text=My Sunset48', '2021-09-10 22:21:45', 'river', 13, '2021-04-12 09:12:03'),
(49, 10, 'My Sunset49', 'clear', 'Uti pejlehah or bomgizer jor obibutlu fasgivluj siwrawli du dah as lif mivsadeb vu nihihep ruggol.', 'https://via.placeholder.com/361x551/AB6/fff/?text=My Sunset49', '2021-12-05 23:32:37', 'desert', 28, '2022-10-19 22:12:05'),
(50, 6, 'My Sunset50', 'rainy', 'Oduod kaalo wulitpu ar uzcacto vawut dodredpup wuvmuljog ehis ba zajel rivugonaj uje uwagehuj wetbo ukapun kizaku.', 'https://via.placeholder.com/451x514/B55/fff/?text=My Sunset50', '2020-07-04 05:38:51', 'desert', 33, '2020-04-10 17:17:43'),
(51, 8, 'My Sunset51', 'cloudy', 'Ibooh deezufa vuv nuvohfan jiuz wa ikgob vennebzun kofuf ajlos fiba jornuj liv cijmuv ko ejzodun favalko.', 'https://via.placeholder.com/453x403/743/fff/?text=My Sunset51', '2021-01-28 17:21:11', 'desert', 25, '2021-11-16 01:58:18'),
(52, 2, 'My Sunset52', 'rainy', 'Go cupiuna wi wektep dadijewi huaza owate hofo zelwur sibfu bogrur ewuebdoc midwitub fig ba fev pa lu.', 'https://via.placeholder.com/499x512/73A/fff/?text=My Sunset52', '2021-12-25 19:08:04', 'beach', 22, '2020-05-09 14:10:14'),
(53, 3, 'My Sunset53', 'sea of clouds', 'Hac kovicip cihoto golbo ivolac despo jil bigwov fejiruhe zeg avsamig kerupha mudtab butmu fodalofa ole.', 'https://via.placeholder.com/551x355/A45/fff/?text=My Sunset53', '2020-03-09 15:19:57', 'beach', 34, '2022-10-29 20:01:00'),
(54, 4, 'My Sunset54', 'clear', 'Wibte puli mu bowjud tatuzel ne dusno hahkowos lut urasacub zagdu cut wu ciljubuj re pubecsa baebopu uphiget.', 'https://via.placeholder.com/360x600/B86/fff/?text=My Sunset54', '2020-03-15 12:52:20', 'beach', 50, '2022-04-03 00:14:16'),
(55, 9, 'My Sunset55', 'rainy', 'Re lozbe zotag apaketuj dafekeroc ce tuh ujewu pabrog tim mirvocsuk betap.', 'https://via.placeholder.com/407x365/BBB/fff/?text=My Sunset55', '2021-07-27 14:12:38', 'river', 14, '2022-01-16 10:43:01'),
(56, 2, 'My Sunset56', 'snowy', 'Jisawa gavme givpog gog giwfakac fudwusah dahiucu toj jebta mutiat suk ninumu.', 'https://via.placeholder.com/352x572/67B/fff/?text=My Sunset56', '2020-06-30 02:50:55', 'river', 38, '2020-07-16 05:26:26'),
(57, 7, 'My Sunset57', 'clear', 'Eha hocpu hupahez megtodpi izesumti apikgek kongom woljo gurado oza oduzi zehajifi ni wofkoze nuwokmad.', 'https://via.placeholder.com/549x415/6B9/fff/?text=My Sunset57', '2022-06-06 13:43:12', 'lake', 28, '2022-07-19 12:10:15'),
(58, 2, 'My Sunset58', 'snowy', 'Ag etrov amujufdoh sepugu uvnat kubwog sa ituvu ehdoh ji murjige orceri.', 'https://via.placeholder.com/431x543/44B/fff/?text=My Sunset58', '2020-06-26 19:18:45', 'beach', 45, '2022-07-22 04:04:00'),
(59, 3, 'My Sunset59', 'cloudy', 'Rili zisi bohegine un zerpe fifi bufev pujufoj unsulof sid kal usow riof.', 'https://via.placeholder.com/429x541/AB4/fff/?text=My Sunset59', '2021-04-08 03:58:03', 'cliff', 40, '2022-08-18 00:34:21'),
(60, 5, 'My Sunset60', 'windy', 'Cuujfe kubewe sovomevu lipiz vej guf utuidva vawow bannicom zi evo orisokwil coamivu.', 'https://via.placeholder.com/533x565/93B/fff/?text=My Sunset60', '2020-02-13 02:35:04', 'beach', 34, '2021-07-23 08:51:37'),
(61, 9, 'My Sunset61', 'windy', 'Ogu cukhib rejti ocapu kohtevos ob jupnal bi fijwusib jigecsa taz no gatli ebelow.', 'https://via.placeholder.com/438x564/735/fff/?text=My Sunset61', '2020-08-28 14:09:39', 'park', 1, '2022-08-15 19:16:24'),
(62, 6, 'My Sunset62', 'sunny', 'Bebofec zaevbag mojan hamdaw jo hubo akebe fuf napofko owsese kub ovzopit ke eluun ehauci ehi godrugpev du.', 'https://via.placeholder.com/464x509/955/fff/?text=My Sunset62', '2022-03-06 16:03:24', 'beach', 9, '2021-11-27 04:35:02'),
(63, 1, 'My Sunset63', 'windy', 'Lonwidmes go vippu huomzo vejopbep jajulvuz fo ke mifakon fi ibo in nolka ko wad.', 'https://via.placeholder.com/468x421/3B3/fff/?text=My Sunset63', '2020-03-21 18:10:00', 'desert', 37, '2021-06-03 18:15:14'),
(64, 6, 'My Sunset64', 'sea of clouds', 'Ja ju wati dewte zo jom sib hezfis na hiero azjanu cej alasehot bava aptizeb ewinu.', 'https://via.placeholder.com/455x354/7AB/fff/?text=My Sunset64', '2022-05-14 05:55:18', 'skyscraper', 44, '2021-09-28 02:57:18'),
(65, 3, 'My Sunset65', 'snowy', 'Ika feun ju hipij ofsuno ve lo hopkapnib rel fikifa bawfimof wa pa vuc rimel ilfainu cefowo.', 'https://via.placeholder.com/496x555/68B/fff/?text=My Sunset65', '2020-12-23 07:59:49', 'park', 16, '2021-06-21 03:53:46'),
(66, 7, 'My Sunset66', 'foggy', 'Vi ifapa dafeshun cielamo itiarrif uli idwos ciwtoreg dehewef utiako jutrormo gekezi ko fuhuw dimdoj.', 'https://via.placeholder.com/410x447/666/fff/?text=My Sunset66', '2021-05-28 15:47:27', 'desert', 31, '2022-06-09 14:28:28'),
(67, 4, 'My Sunset67', 'rainy', 'Tajpedriw loboge erti ajveto ubuawa titsa hu ivo ala suzec lizzef hir pasobub satparu da tovco vugset.', 'https://via.placeholder.com/568x434/4A3/fff/?text=My Sunset67', '2021-05-02 08:11:45', 'skyscraper', 32, '2022-11-07 10:12:51'),
(68, 5, 'My Sunset68', 'sunny', 'Nibnuw not tevaire imiib satcog umkek cisna miepide jijamhu nofula fuhal zefa abap femcevuw ge sus lezi.', 'https://via.placeholder.com/481x595/354/fff/?text=My Sunset68', '2022-10-23 02:12:55', 'cliff', 10, '2021-04-12 12:38:57'),
(69, 6, 'My Sunset69', 'snowy', 'Mapiv tidraji figman ewhelif ehime het pitun gu irabivanu dahoti roate acifi sad lew cisizgos zi susizudo ujaha.', 'https://via.placeholder.com/428x599/847/fff/?text=My Sunset69', '2022-02-19 06:45:04', 'top of mountain', 49, '2021-05-05 03:05:13'),
(70, 9, 'My Sunset70', 'foggy', 'Lew esedo puduen newawe gep caju gombo izgaf wuk saile bum kiled.', 'https://via.placeholder.com/428x552/968/fff/?text=My Sunset70', '2021-11-10 21:14:31', 'park', 2, '2021-03-13 03:35:40'),
(71, 9, 'My Sunset71', 'clear', 'Ve ojoid wu hapogo nonelwev em hotbem kacpo hinjipzer bojhiksa guzuwtes hitadak norus sodjaimo ramjehuw naj dise.', 'https://via.placeholder.com/463x572/A79/fff/?text=My Sunset71', '2020-01-10 08:55:53', 'cliff', 4, '2022-01-15 05:17:41'),
(72, 4, 'My Sunset72', 'sea of clouds', 'Adlov az tisejo muiganuh kovpog tiv asce pakroj denil sodzogi noza bu vettevvu ceicfa wu geritno gi.', 'https://via.placeholder.com/485x393/85B/fff/?text=My Sunset72', '2020-06-16 15:44:49', 'park', 26, '2020-02-26 11:01:16'),
(73, 5, 'My Sunset73', 'snowy', 'Ho tejfem arceh mo za luf nueci ucsetof gu cew jad or.', 'https://via.placeholder.com/552x488/B46/fff/?text=My Sunset73', '2021-01-19 08:08:25', 'skyscraper', 17, '2020-12-01 16:44:44'),
(74, 3, 'My Sunset74', 'windy', 'Kuseb coghuk hiw nigcuki kozeop inatotkom jopnuke cuwezefas ano el miuvaku pepinicu uf tin vurlod va naok.', 'https://via.placeholder.com/377x543/3B4/fff/?text=My Sunset74', '2020-06-13 23:25:01', 'lake', 28, '2022-04-12 22:01:41'),
(75, 1, 'My Sunset75', 'sea of clouds', 'Uzu piz jakso gufum edvo epeka ce pojna powaw avjaktet hetfe den ribobuj nemudbir la.', 'https://via.placeholder.com/578x562/578/fff/?text=My Sunset75', '2022-06-09 04:51:07', 'top of mountain', 38, '2021-06-09 19:40:20'),
(76, 6, 'My Sunset76', 'sunny', 'Liumu ofaneona pa nu hevsil oklic webbas pocfovbed ociwihope sased nudi curwamzur boz ukosefac wekuv hut.', 'https://via.placeholder.com/496x455/893/fff/?text=My Sunset76', '2021-02-16 16:31:31', 'desert', 8, '2022-06-26 00:27:21'),
(77, 9, 'My Sunset77', 'rainy', 'Igajipme awega fu gehaddoh ciz fiuc bala lojgo azalome wukav monhuj wune atilluz revne pefra hin.', 'https://via.placeholder.com/559x495/888/fff/?text=My Sunset77', '2020-03-29 08:02:31', 'lake', 1, '2022-11-17 04:48:34'),
(78, 10, 'My Sunset78', 'sea of clouds', 'Ebionu etu valek gebza zoglav ote tebasim kidepco zis diohe ubiuthi ceben zep bu.', 'https://via.placeholder.com/499x548/A99/fff/?text=My Sunset78', '2020-10-04 08:55:00', 'lake', 46, '2020-04-03 05:18:30'),
(79, 2, 'My Sunset79', 'snowy', 'Av aliwojgu sa cunib kik ano zurebcip guvoku hu tijon rafli mibe ovegofhen pavif sajeme.', 'https://via.placeholder.com/495x588/B3A/fff/?text=My Sunset79', '2020-12-06 08:36:43', 'top of mountain', 41, '2021-08-11 07:51:35'),
(80, 1, 'My Sunset80', 'sunny', 'Irsuco buc lub ka fi ela siwoid dice uzuunpur dimpuhu odofesno ow.', 'https://via.placeholder.com/594x357/6B6/fff/?text=My Sunset80', '2022-09-16 21:41:20', 'desert', 48, '2020-06-24 00:55:34'),
(81, 1, 'My Sunset81', 'snowy', 'Cog ducoc ibukuf rapzugbov ba fe kebuf capgel ra zi etonimo kesura vit icetu hissen ze ruzaet.', 'https://via.placeholder.com/593x546/95B/fff/?text=My Sunset81', '2021-09-27 13:35:49', 'beach', 42, '2020-01-08 02:30:34'),
(82, 10, 'My Sunset82', 'sunny', 'Sinlofo retnaw cojverwu rowro enu olucudju senun tulogzi be kikab huzapwem ros du soha uzu nuz de be.', 'https://via.placeholder.com/506x499/98B/fff/?text=My Sunset82', '2022-02-09 13:56:10', 'desert', 41, '2020-10-28 10:30:38'),
(83, 3, 'My Sunset83', 'snowy', 'Ifo jaw fikita zub ad wek uttib pufek ela sa jo soti laf lo nud panrawpu guev vujpujhov.', 'https://via.placeholder.com/431x417/BA9/fff/?text=My Sunset83', '2022-09-05 15:19:11', 'river', 21, '2020-07-03 07:01:02'),
(84, 7, 'My Sunset84', 'foggy', 'Wado toodmez siven we honmiro fovuboef ijkojis za ni bebe ukoj ekadah sah mehfuwmav hescapadu ru law.', 'https://via.placeholder.com/528x388/569/fff/?text=My Sunset84', '2021-07-16 05:38:59', 'beach', 50, '2021-01-08 11:58:28'),
(85, 5, 'My Sunset85', 'cloudy', 'Hakuseiri awejig ge lebajka fucfolot vajgerke fonnup poh pudsosciz fiaziviv pubenir is bufifevod tihwojiw.', 'https://via.placeholder.com/401x414/8B3/fff/?text=My Sunset85', '2021-11-12 15:51:10', 'lake', 14, '2022-07-02 03:34:16'),
(86, 9, 'My Sunset86', 'cloudy', 'Ezeele bedemfu koigude ebafeku ke soh kekej degtale am kubaw ce om patine gefdemos eh.', 'https://via.placeholder.com/547x526/474/fff/?text=My Sunset86', '2020-10-07 23:13:57', 'park', 20, '2021-08-17 05:16:38'),
(87, 8, 'My Sunset87', 'windy', 'Jeahjaw darca sepop jeznodfok deom aseiwi fig bim tezju omu jehtirjat enojijhob ova.', 'https://via.placeholder.com/599x382/993/fff/?text=My Sunset87', '2022-03-30 04:52:49', 'beach', 44, '2021-05-18 06:31:31'),
(88, 4, 'My Sunset88', 'snowy', 'Kuekog ehboze ceitoaj duah caas secedhoh re alhek filre nuis sahoflo dez busuc gekemvis re otaka nazov it.', 'https://via.placeholder.com/577x359/977/fff/?text=My Sunset88', '2022-05-19 08:10:21', 'top of mountain', 6, '2020-12-18 02:02:38'),
(89, 8, 'My Sunset89', 'sunny', 'Lid cihibunis zufice gu ko caonwul iwu kiche rifof bewuzpas wikube goj is mukovbif.', 'https://via.placeholder.com/392x512/4B3/fff/?text=My Sunset89', '2022-11-20 20:12:35', 'beach', 49, '2020-06-03 16:40:25'),
(90, 2, 'My Sunset90', 'sunny', 'Loejiad nal catfo vowojjus imdo kepuha fa budatu capiri avvu sobjusod culasa ki jotin vumzoja hibgugla wulehuh biva.', 'https://via.placeholder.com/418x436/379/fff/?text=My Sunset90', '2021-02-14 20:29:47', 'beach', 34, '2022-01-12 03:41:27'),
(91, 9, 'My Sunset91', 'foggy', 'Ke eterihsa dirgi aniwep ob zacu elunuso bacatwar ufiow filsuzsiz ibjuj cu aluvi.', 'https://via.placeholder.com/408x574/468/fff/?text=My Sunset91', '2021-01-05 11:54:40', 'beach', 14, '2020-05-22 14:03:25'),
(92, 5, 'My Sunset92', 'rainy', 'Wobi war susobwen vohacdu nasorec bojacme hehujha luc le por ginwano vi.', 'https://via.placeholder.com/498x412/848/fff/?text=My Sunset92', '2021-06-18 20:52:35', 'desert', 29, '2021-12-25 04:39:17'),
(93, 2, 'My Sunset93', 'snowy', 'Bis jolute zahlad oni lew podociege ugawuk kep len zize te cekepma.', 'https://via.placeholder.com/385x369/6A4/fff/?text=My Sunset93', '2021-06-23 16:08:40', 'river', 38, '2021-08-16 03:11:32'),
(94, 6, 'My Sunset94', 'clear', 'Ihvebe po az lovat upwulgop cazve agjef vuv vahdon wib waj dog ruus ber.', 'https://via.placeholder.com/441x400/A65/fff/?text=My Sunset94', '2020-03-04 13:01:25', 'desert', 20, '2022-04-07 04:26:41'),
(95, 8, 'My Sunset95', 'snowy', 'Ubrek licojaure lage ruuj bar zuav fazme woijzu cuzcakda fuvfal kisco ihi zabwoz bonahode.', 'https://via.placeholder.com/498x404/8AB/fff/?text=My Sunset95', '2022-07-29 15:27:45', 'lake', 14, '2020-04-12 21:51:34'),
(96, 5, 'My Sunset96', 'foggy', 'Wemap sinkek fikuswe lo topa guk joghav vuhubi voac wove ruutipe wubwooho ojo mikeate cab kelil di mi.', 'https://via.placeholder.com/371x401/759/fff/?text=My Sunset96', '2021-10-11 10:48:55', 'top of mountain', 26, '2021-09-24 11:32:10'),
(97, 7, 'My Sunset97', 'snowy', 'Igulelap gipibnuk okigul hagejef juz favoju jagawna samiv hav ego vado tu hunabfur.', 'https://via.placeholder.com/508x386/B87/fff/?text=My Sunset97', '2020-08-17 07:25:49', 'river', 30, '2021-06-27 22:43:16'),
(98, 6, 'My Sunset98', 'rainy', 'Fagusba go jol kadvo midmaori zed jihwaun kah pik ro tanpac wultig gojnuh po olave.', 'https://via.placeholder.com/452x462/733/fff/?text=My Sunset98', '2022-06-26 16:45:46', 'skyscraper', 27, '2020-12-13 05:52:31'),
(99, 2, 'My Sunset99', 'windy', 'Min cilos lugbez hadot ifi puc kovbadhu egi me icu romadrac zema togti.', 'https://via.placeholder.com/502x373/5A8/fff/?text=My Sunset99', '2021-08-09 04:03:50', 'lake', 10, '2020-06-07 03:24:06'),
(100, 9, 'My Sunset100', 'windy', 'Zoeg vefjuip togu mag fa munaclo pep moco do hife himiwab bu muggad ajiocaez roj pivosa wupo.', 'https://via.placeholder.com/401x382/8A5/fff/?text=My Sunset100', '2022-03-04 15:29:47', 'top of mountain', 6, '2020-07-22 07:59:53'),
(101, 4, 'My Sunset101', 'snowy', 'El dahpijuh ha raufe ze eke hocziav jiukrul akace jopkafu urobop mekjoklih sallu gin.', 'https://via.placeholder.com/577x514/B8A/fff/?text=My Sunset101', '2022-08-12 08:41:46', 'top of mountain', 31, '2021-08-05 09:17:46'),
(102, 6, 'My Sunset102', 'rainy', 'Budebve opibofrip tubazur pulrez fidorbu rezgon nu noez vi ku de jawi.', 'https://via.placeholder.com/559x558/4BB/fff/?text=My Sunset102', '2020-03-25 07:12:53', 'beach', 40, '2021-06-18 15:04:39'),
(103, 8, 'My Sunset103', 'snowy', 'Idmuzos ipetihlo at okuko wahaw huri du rewsuz bahve ci geblip mestakaw vomidaz voowiro katwir vi.', 'https://via.placeholder.com/448x574/754/fff/?text=My Sunset103', '2020-04-11 03:48:36', 'cliff', 12, '2020-04-21 12:31:28'),
(104, 8, 'My Sunset104', 'sea of clouds', 'Up jini wokita joftob ebomis pe japiwil zo bafeko va zithif aca huwto.', 'https://via.placeholder.com/447x378/466/fff/?text=My Sunset104', '2020-04-07 21:11:13', 'desert', 28, '2021-11-05 00:04:01'),
(105, 5, 'My Sunset105', 'cloudy', 'Piatume loh odofehmoc umace pipsam com dabfuk samruva lug ucuvum igiga vabkufbig ilbu fu huvabifim.', 'https://via.placeholder.com/521x426/B9A/fff/?text=My Sunset105', '2020-06-26 02:22:46', 'cliff', 6, '2022-06-06 04:00:48'),
(106, 3, 'My Sunset106', 'snowy', 'Padivre cosbitic giv da sifnife fu gewsurnu mi ko lamdidpon afieziino mu.', 'https://via.placeholder.com/466x507/93B/fff/?text=My Sunset106', '2020-01-09 15:47:58', 'desert', 3, '2020-08-11 23:46:15'),
(107, 8, 'My Sunset107', 'rainy', 'Wiceaba hajic owjup cien opzufde cobiki dehkal dopuj to kejjet zibup faiguco alu te udlofo.', 'https://via.placeholder.com/456x368/465/fff/?text=My Sunset107', '2020-10-18 15:16:38', 'desert', 27, '2020-07-21 09:08:46'),
(108, 3, 'My Sunset108', 'windy', 'Nu lapeve jet puhle cu dapsogze gafal eridomak nel nom rohuzab vamgucwap gekido donnuvka.', 'https://via.placeholder.com/570x414/789/fff/?text=My Sunset108', '2021-07-03 12:53:49', 'top of mountain', 26, '2021-02-11 12:23:13'),
(109, 5, 'My Sunset109', 'cloudy', 'Pihic lip kuapo am rog iwimeila atadaefu ramin bafweco da ga beflob hurab wa.', 'https://via.placeholder.com/536x586/BA3/fff/?text=My Sunset109', '2022-03-03 11:52:55', 'desert', 41, '2020-03-29 03:58:41'),
(110, 6, 'My Sunset110', 'rainy', 'Di ot telib ujaga leimo tuozebo pazidkud hocosa egwo fuwejzuz lu fite bocwa ozewim si bi vipezaza.', 'https://via.placeholder.com/467x373/6A3/fff/?text=My Sunset110', '2021-10-27 07:33:32', 'lake', 30, '2022-02-05 09:26:44'),
(111, 7, 'My Sunset111', 'foggy', 'Ejce taw we capvuki gobvufu vokizhi iwuk vej zufimpe maafi ezatewaj lesro bu gab ebjiz kar ri.', 'https://via.placeholder.com/521x389/846/fff/?text=My Sunset111', '2021-02-22 10:19:37', 'top of mountain', 43, '2021-04-22 20:55:53'),
(112, 6, 'My Sunset112', 'sunny', 'Zappefze lelijhe upa ijvupu humhozkot et epvunro ke fi fuce lo gik nacakzo sisnub zus gumpircul gadruv vo.', 'https://via.placeholder.com/394x457/A35/fff/?text=My Sunset112', '2020-12-01 04:58:54', 'lake', 46, '2020-08-20 20:47:26'),
(113, 9, 'My Sunset113', 'clear', 'Ota um fipsoh up avunol upeevu meduvvig virsacu sazka ovecisu lalahci bonacmak sefka.', 'https://via.placeholder.com/499x578/574/fff/?text=My Sunset113', '2021-12-27 04:19:38', 'desert', 23, '2020-06-29 08:51:29'),
(114, 2, 'My Sunset114', 'clear', 'Zog joop kug deddi pofzefram pes goerowog geziako ejuzitat ad kalfa ileozelo owoeje ru vigum hupum.', 'https://via.placeholder.com/423x600/344/fff/?text=My Sunset114', '2021-12-31 18:52:55', 'river', 4, '2021-04-17 06:46:10'),
(115, 6, 'My Sunset115', 'cloudy', 'Be jalowba vidrul daorajes dezfihen vup ajhot fo tuun kijnuwi bi utu bestomdiw ogini.', 'https://via.placeholder.com/444x532/963/fff/?text=My Sunset115', '2022-10-26 11:34:44', 'lake', 33, '2022-02-28 14:13:50'),
(116, 2, 'My Sunset116', 'windy', 'Od bofuh fukku nu fefobid vakus taksi johun bonifjid vohosu hokwol rumoviiwi icu gisij.', 'https://via.placeholder.com/358x437/557/fff/?text=My Sunset116', '2020-10-03 02:44:17', 'top of mountain', 9, '2022-04-08 05:52:12'),
(117, 7, 'My Sunset117', 'sunny', 'Ruloh simavec kidoj vuh to cegne nodar adpefig pepol sak bocu hihkap lardi gimvup.', 'https://via.placeholder.com/464x579/858/fff/?text=My Sunset117', '2020-09-22 22:54:51', 'park', 49, '2021-11-01 23:31:14'),
(118, 4, 'My Sunset118', 'foggy', 'Nirwib ku daon vifruc mo puecwik onaati po biwsepa akufivgin dasgi fewludza havivwod pozruwpod fic.', 'https://via.placeholder.com/512x574/B48/fff/?text=My Sunset118', '2020-10-13 10:57:58', 'cliff', 45, '2020-06-29 04:41:17'),
(119, 7, 'My Sunset119', 'cloudy', 'Bif buf po wagaah gaahi fadvigem facus hi apesiwis dacicoku hojippas soniti.', 'https://via.placeholder.com/509x542/A7A/fff/?text=My Sunset119', '2020-09-17 20:39:42', 'beach', 2, '2020-08-28 06:03:32'),
(120, 6, 'My Sunset120', 'foggy', 'Fusdodhu gopteg oda wu menupu radcah ewan aslus wivteroga elcugpo be ginke fuga biwu otehaca saludvuj wegi.', 'https://via.placeholder.com/413x479/859/fff/?text=My Sunset120', '2020-04-28 03:42:56', 'park', 28, '2022-05-23 10:47:31'),
(121, 2, 'My Sunset121', 'clear', 'Vu jeloc cu gevogmid put baverja vanmu ila sez vog agba sezoruono wezizjen gavbuh.', 'https://via.placeholder.com/493x396/B88/fff/?text=My Sunset121', '2021-09-04 21:38:06', 'top of mountain', 29, '2020-10-03 22:55:51'),
(122, 8, 'My Sunset122', 'cloudy', 'Kiwutat simiiva biifati higamocet hupro piwpumin gikvuk sovluv iva now zatamfi ehdav juras jidu kejmu.', 'https://via.placeholder.com/597x493/789/fff/?text=My Sunset122', '2021-03-14 00:01:59', 'beach', 43, '2021-12-29 11:45:23'),
(123, 3, 'My Sunset123', 'sea of clouds', 'Potaduta damked faanato uz ra huvwu deg bad gu uva javibut kupot.', 'https://via.placeholder.com/466x534/6A4/fff/?text=My Sunset123', '2021-02-02 00:11:51', 'cliff', 9, '2021-09-16 09:08:27'),
(124, 5, 'My Sunset124', 'foggy', 'Vicub ocitoj rusva tunbal ele gusdu gatedci ruclib nelejfo kaz ev kojembi hacdusu.', 'https://via.placeholder.com/595x531/898/fff/?text=My Sunset124', '2021-01-19 17:09:19', 'cliff', 37, '2020-08-13 03:32:50'),
(125, 9, 'My Sunset125', 'snowy', 'Oweorolur fotgum bavo ro eke zib evesaga am go lin duh fugajfo riwur le ne.', 'https://via.placeholder.com/426x351/9B9/fff/?text=My Sunset125', '2022-05-07 22:03:22', 'skyscraper', 29, '2022-02-09 11:43:26'),
(126, 5, 'My Sunset126', 'sea of clouds', 'Woghotzow mazaum funvit rozjib ted li gemcais bidah owhehpuv wid nup loed je.', 'https://via.placeholder.com/553x403/34B/fff/?text=My Sunset126', '2020-11-02 01:27:32', 'top of mountain', 9, '2021-09-28 10:23:32'),
(127, 4, 'My Sunset127', 'sea of clouds', 'Pa ojenir uba wikhu do pi etruhgik gelzuszor tu fasde rac gazepaza izugavip razira vanca ikihomocu mazwiumi.', 'https://via.placeholder.com/467x439/79A/fff/?text=My Sunset127', '2022-11-17 01:27:03', 'park', 25, '2020-03-27 09:40:30'),
(128, 2, 'My Sunset128', 'snowy', 'Jabputo bukken nijgihu ajkograf we avifse ruc gi beju nuwsir vownomve bo di lijhas jawjum wofulki upe.', 'https://via.placeholder.com/399x402/6A6/fff/?text=My Sunset128', '2021-09-21 13:45:41', 'lake', 40, '2021-03-28 06:47:12'),
(129, 10, 'My Sunset129', 'sea of clouds', 'Pos kukaf ozehuum toc tomwulek cim ji ker zev so corop uho laida asotef.', 'https://via.placeholder.com/370x360/A59/fff/?text=My Sunset129', '2022-03-07 10:28:09', 'desert', 22, '2022-08-27 02:17:31'),
(130, 9, 'My Sunset130', 'sea of clouds', 'Sores ecati zalboj kove nosatguh bemnumke ku fevtej ovo casal norud fomne wuw so.', 'https://via.placeholder.com/521x361/434/fff/?text=My Sunset130', '2022-02-13 14:36:05', 'top of mountain', 38, '2022-09-27 13:07:52'),
(131, 1, 'My Sunset131', 'windy', 'Mi ec ta kejof hoociga viir iriafihu iswaave mu bemca jav siiha tittitnu cojbuv mowuplan amo tepozus jak.', 'https://via.placeholder.com/370x402/B35/fff/?text=My Sunset131', '2022-07-13 07:26:54', 'beach', 9, '2020-02-21 11:25:31'),
(132, 4, 'My Sunset132', 'foggy', 'Imuok wekob bo os ga vifne kivwut zi cemazgo hemolne lajfugjul kot bi haepe tulmo hiz susfajzil.', 'https://via.placeholder.com/403x453/7B6/fff/?text=My Sunset132', '2020-02-23 08:08:30', 'top of mountain', 26, '2022-05-19 14:03:33'),
(133, 1, 'My Sunset133', 'foggy', 'Zusriuju ne sesfompok hidoce taufi da nu zucrawet gohik kibaan nozjuzmib uk.', 'https://via.placeholder.com/425x595/A5B/fff/?text=My Sunset133', '2020-11-21 21:21:35', 'beach', 39, '2022-04-05 01:58:20'),
(134, 7, 'My Sunset134', 'cloudy', 'Man duhvigaf hosaf fo fuwwihi pitengu ta leukenav te go paola tismam jadnemi onaboj elbaebo mi weecidu pibejet.', 'https://via.placeholder.com/399x425/488/fff/?text=My Sunset134', '2020-01-16 12:55:21', 'desert', 15, '2022-08-15 01:18:59'),
(135, 5, 'My Sunset135', 'snowy', 'Uviru reil navobu jep or kilo petikta kavepbo keodo ofivov lujo pig ohe racojo fu tejvi.', 'https://via.placeholder.com/494x468/4AA/fff/?text=My Sunset135', '2021-01-30 15:46:48', 'cliff', 41, '2021-03-17 18:25:54'),
(136, 8, 'My Sunset136', 'cloudy', 'Kanbe livikuz ibasifi imucop se upe orcer rovlo doslet oc vi mafov gafrozo.', 'https://via.placeholder.com/539x593/B49/fff/?text=My Sunset136', '2021-07-28 14:49:04', 'park', 22, '2020-06-18 19:27:14'),
(137, 1, 'My Sunset137', 'snowy', 'Romosij ahmuh evobvec eba gik muvdumuka zawo vinug ru saj jez mofabuti igfi ulimdaj pazha.', 'https://via.placeholder.com/566x462/6B3/fff/?text=My Sunset137', '2021-05-10 14:58:38', 'beach', 12, '2021-12-23 09:03:40'),
(138, 7, 'My Sunset138', 'snowy', 'Co bauri ilvupod kumat jugap kotsarak ja caberboj zeniwo olu asaru lekanim gebfo fic howci lorbolkop likmuzija sewlow.', 'https://via.placeholder.com/473x367/77A/fff/?text=My Sunset138', '2022-05-29 06:38:05', 'cliff', 31, '2020-12-11 07:23:54'),
(139, 9, 'My Sunset139', 'snowy', 'Velmepof vac nidte uznij uzucotew mumzocwi uvifirpic wir rov lo go mi.', 'https://via.placeholder.com/490x589/683/fff/?text=My Sunset139', '2022-05-31 20:18:38', 'top of mountain', 29, '2022-07-30 21:46:33'),
(140, 3, 'My Sunset140', 'cloudy', 'Bawolo do faze lazebu her tig gu osadobzo galozan ror zekokum afiut buwifuwu reh ofivivir upa ehupuihu.', 'https://via.placeholder.com/366x392/977/fff/?text=My Sunset140', '2022-07-22 22:09:28', 'desert', 24, '2021-08-27 18:45:55'),
(141, 9, 'My Sunset141', 'rainy', 'Ipadubeje netruczu putugbo se hivona to utopiam til ef kip sikvod bohutu obeni copfu sog ene cinar.', 'https://via.placeholder.com/486x548/398/fff/?text=My Sunset141', '2021-11-26 03:23:09', 'lake', 47, '2020-10-16 20:24:13'),
(142, 10, 'My Sunset142', 'clear', 'Vulup otupok bado wetujpu tosel ruvjeju lo ri wur pipiino apinili vu awasauri zud vewfok madi avzawim.', 'https://via.placeholder.com/537x572/384/fff/?text=My Sunset142', '2021-12-16 05:29:54', 'skyscraper', 36, '2021-10-18 09:57:25'),
(143, 8, 'My Sunset143', 'sunny', 'Dimki pevrivi zeizecol deg nokak hicih linenjud sac cud wur zoltew towo jabup ocigin su puwfuza ruk do.', 'https://via.placeholder.com/350x503/546/fff/?text=My Sunset143', '2022-11-12 21:09:10', 'skyscraper', 4, '2020-05-19 07:07:46'),
(144, 1, 'My Sunset144', 'sea of clouds', 'Guwrajbum zazeda keb anladhut fetam mu pafhib lavhe nofviac patnujva siclo ka kiref uninof jograho.', 'https://via.placeholder.com/389x587/74A/fff/?text=My Sunset144', '2020-01-03 12:16:06', 'cliff', 26, '2020-08-01 12:39:10'),
(145, 9, 'My Sunset145', 'sea of clouds', 'Bubgim jel honnurer lozi upekam hazigre idazkef hu zije vec epap vo wacuseli varizu vi gewpu zod toarcog.', 'https://via.placeholder.com/422x456/369/fff/?text=My Sunset145', '2020-04-28 16:49:36', 'park', 25, '2021-03-17 04:29:41'),
(146, 3, 'My Sunset146', 'windy', 'Ojpo lek karo sasnos fen ne jegiderov cawodeso fikoh irdel tuba hev.', 'https://via.placeholder.com/357x575/6A8/fff/?text=My Sunset146', '2022-11-17 05:34:02', 'top of mountain', 48, '2022-11-08 04:40:52'),
(147, 6, 'My Sunset147', 'windy', 'Wawelu zatlim uj wubbad ullapgi ako huz we ho wile gidezla felvimog tifolinu.', 'https://via.placeholder.com/425x504/737/fff/?text=My Sunset147', '2022-11-20 18:48:13', 'desert', 20, '2021-11-16 09:45:37'),
(148, 1, 'My Sunset148', 'foggy', 'Er ri asipophu ofoik hupfi mu gebi rur rumjal noolugo vuzfibha no oro uveher tas ipu nugob cozo.', 'https://via.placeholder.com/388x444/9A9/fff/?text=My Sunset148', '2020-02-17 02:01:21', 'lake', 19, '2021-11-29 03:47:28'),
(149, 3, 'My Sunset149', 'sunny', 'Kujuk fugjebwu loctoki if ceb ese vefapake rak ajaes wuceb zo secap kat volter.', 'https://via.placeholder.com/575x567/34B/fff/?text=My Sunset149', '2022-03-24 06:22:50', 'skyscraper', 2, '2022-01-24 11:25:50'),
(150, 3, 'My Sunset150', 'clear', 'Jefar minover nisol ave vunok pilocoep ge anrog do ajbic oze labzega nuipi atdo.', 'https://via.placeholder.com/408x583/9B9/fff/?text=My Sunset150', '2020-03-09 18:48:26', 'desert', 42, '2020-09-12 02:42:40'),
(151, 5, 'My Sunset151', 'snowy', 'Sic opziot vostike jekel mah wejegci godo zasif main bu gomgodun ajjad bi alawibmes zot pele.', 'https://via.placeholder.com/560x534/557/fff/?text=My Sunset151', '2020-12-31 13:44:34', 'desert', 42, '2022-08-13 20:55:48'),
(152, 7, 'My Sunset152', 'sunny', 'Bolon rovzik pe tiwa repawzu keuhzam ohinecuw nuz hasez kadfecap me rik ros cac kek ri oduami som.', 'https://via.placeholder.com/538x405/4AB/fff/?text=My Sunset152', '2020-12-24 20:09:11', 'skyscraper', 16, '2022-10-26 09:02:07'),
(153, 2, 'My Sunset153', 'snowy', 'Esaz towwuw go ku wez reawecep gehap il mieg tobwek egru lel uvba.', 'https://via.placeholder.com/447x486/443/fff/?text=My Sunset153', '2020-09-30 01:28:54', 'skyscraper', 46, '2022-04-11 14:13:14'),
(154, 7, 'My Sunset154', 'clear', 'Voli kivibna gupa vok buz malemac wogpowha panoju fa ada folu eh zunorwek fincac ovaazuwe jigah edvepnu mu.', 'https://via.placeholder.com/366x445/4B4/fff/?text=My Sunset154', '2021-09-13 19:41:38', 'lake', 18, '2022-06-06 04:36:35'),
(155, 9, 'My Sunset155', 'sea of clouds', 'Fialat ahuuciate gaga bosagros za hem san rarfev kewisu ga za za.', 'https://via.placeholder.com/364x561/936/fff/?text=My Sunset155', '2022-02-02 11:29:22', 'top of mountain', 40, '2022-01-12 01:52:48'),
(156, 5, 'My Sunset156', 'cloudy', 'Ev fugpekmoj la liihiato atpante ovmuuj abih bazepda agipe ikpe torpavi rozogbij.', 'https://via.placeholder.com/504x487/645/fff/?text=My Sunset156', '2022-05-21 01:22:31', 'beach', 30, '2021-09-08 10:36:25'),
(157, 9, 'My Sunset157', 'clear', 'Buoga zutaw jubju zavobaso les oboovo fi huvati ap idbizjar vasat camauke her itrustu.', 'https://via.placeholder.com/599x534/7B4/fff/?text=My Sunset157', '2022-07-04 22:23:49', 'lake', 27, '2020-11-17 06:13:38'),
(158, 7, 'My Sunset158', 'rainy', 'Bestil fer wiflifki dize bum suw fuvjopbo goiha hapzamvaz apumtic zog irojedem ge ce.', 'https://via.placeholder.com/479x557/783/fff/?text=My Sunset158', '2022-02-17 04:53:16', 'park', 1, '2021-06-16 13:06:38'),
(159, 2, 'My Sunset159', 'foggy', 'Egesotkow mo fikeb fimavroh tuflicis davgaku za bukizi ehne ekehoj dusil vez kajgo ara nefifez ohuju tatzidet segugaz.', 'https://via.placeholder.com/353x596/B57/fff/?text=My Sunset159', '2021-04-04 20:37:39', 'top of mountain', 49, '2022-11-10 15:50:10'),
(160, 1, 'My Sunset160', 'snowy', 'Fuosa bo wu pavsaolu luretat ate teh co ojuzuuka humeud hut zum ude aj hi peduceke viva.', 'https://via.placeholder.com/579x580/36A/fff/?text=My Sunset160', '2022-04-06 05:17:34', 'river', 39, '2021-12-17 20:56:05'),
(161, 9, 'My Sunset161', 'foggy', 'Suhuj decir opeco pepgavod wumap zaugner baiv ke rotukac nowa ezrut le aluugu so.', 'https://via.placeholder.com/514x440/A8B/fff/?text=My Sunset161', '2022-03-16 16:11:14', 'cliff', 48, '2020-04-17 14:51:45'),
(162, 3, 'My Sunset162', 'snowy', 'Rop ug velhe fecoev gi eroiw nadgijub reh sibva fe hugjife lawaj jircu iniogoda noruvec.', 'https://via.placeholder.com/496x442/998/fff/?text=My Sunset162', '2020-04-05 17:20:07', 'beach', 4, '2020-01-11 09:41:40'),
(163, 10, 'My Sunset163', 'windy', 'Tokcekter uve zo mac waimejuj gufe wecze de tapo zanilvat vupgiota inoho da cafuh zicirev.', 'https://via.placeholder.com/459x475/48B/fff/?text=My Sunset163', '2020-09-01 17:31:49', 'desert', 23, '2022-03-11 04:54:20'),
(164, 5, 'My Sunset164', 'windy', 'Nedokihe nojeje niwgizvip kit wipupok tizsida ke bator muri liwkub baktibo doderoge ow.', 'https://via.placeholder.com/600x473/9B5/fff/?text=My Sunset164', '2021-09-11 05:29:15', 'skyscraper', 15, '2022-05-11 02:09:57'),
(165, 8, 'My Sunset165', 'sea of clouds', 'Udiwumo lu jatud les dasizji fesuke ututisez vavaked woh loali kipzuwzi naba ezadulac waurak eli lev rigi.', 'https://via.placeholder.com/522x509/AB8/fff/?text=My Sunset165', '2021-01-09 01:09:15', 'river', 50, '2020-06-12 02:07:32'),
(166, 4, 'My Sunset166', 'cloudy', 'Pitesja rajem no kebmu gup facpeg avidakew uguucig imuna eh do tillet hiot uhoivapaj mammahwep hokfotur kamnetho.', 'https://via.placeholder.com/350x599/7B4/fff/?text=My Sunset166', '2021-11-18 23:40:04', 'lake', 30, '2021-08-16 14:27:11'),
(167, 2, 'My Sunset167', 'snowy', 'Jo go seluvem panruz pucso isofuhka tesvo icizobtat dihnonru romkegiz ci fovnimzib edukusnic mapos hivfir dufisda cog.', 'https://via.placeholder.com/446x496/B77/fff/?text=My Sunset167', '2021-09-21 11:02:24', 'desert', 32, '2022-01-21 18:37:48'),
(168, 7, 'My Sunset168', 'snowy', 'Hutikehu be zozapwu vofvuw kad muf jo eb ri vi wuggisub sa havoscol newo tanihpoj vesva pat sebmizvu.', 'https://via.placeholder.com/370x597/67B/fff/?text=My Sunset168', '2022-01-22 00:01:51', 'top of mountain', 19, '2021-03-13 01:29:51'),
(169, 7, 'My Sunset169', 'windy', 'Piz kuk izdam sipegar zec zebomvih nizuzwiw ano utar saen puulgu ejro lasibli lupe awpeho soc rojempi.', 'https://via.placeholder.com/441x585/588/fff/?text=My Sunset169', '2021-01-24 14:27:38', 'park', 16, '2022-10-08 19:28:56'),
(170, 4, 'My Sunset170', 'windy', 'Ce ciudi opwani huma cetmukew aw da le pif wulevcu eloge zuwuwbuv ejjus cetitju fedis zop.', 'https://via.placeholder.com/473x572/46B/fff/?text=My Sunset170', '2020-02-06 18:51:48', 'skyscraper', 36, '2021-04-08 21:04:50'),
(171, 1, 'My Sunset171', 'sunny', 'Bozorinib pug ke ataokosi ketcakis waz ut otinov nieni jukgun zidnozma kakahas ojpo tevfa avufa.', 'https://via.placeholder.com/560x540/A89/fff/?text=My Sunset171', '2021-08-19 05:32:49', 'top of mountain', 6, '2022-10-18 15:52:35'),
(172, 3, 'My Sunset172', 'windy', 'Go ewo giazase ron onumuh bivda una beturdi pak zimoka sojtegi fubiddot na notepehu eciwomoz.', 'https://via.placeholder.com/566x459/9B7/fff/?text=My Sunset172', '2020-10-22 10:01:53', 'park', 28, '2022-08-06 05:55:50'),
(173, 9, 'My Sunset173', 'clear', 'Riktor solkoc gusdoc anfekosi nazaj docfo cafac voj ov nom velbur dintewo gafibtov.', 'https://via.placeholder.com/583x543/697/fff/?text=My Sunset173', '2021-09-18 21:16:27', 'cliff', 47, '2022-02-23 07:19:01'),
(174, 7, 'My Sunset174', 'clear', 'Zavo pom di buwticdo jider ure repiw ozjeg mubozo so va zokci hi cavikom dufnebwa tekdun wog.', 'https://via.placeholder.com/534x425/469/fff/?text=My Sunset174', '2020-03-24 05:35:32', 'river', 39, '2022-09-21 20:36:01'),
(175, 10, 'My Sunset175', 'sea of clouds', 'Gomu ponnuksub je ukabiw ranko fel seca acpo emu wuj pofit pezwekwev moosoci fijtolfu kubke tifise.', 'https://via.placeholder.com/449x543/673/fff/?text=My Sunset175', '2021-12-25 06:51:21', 'park', 1, '2021-03-30 14:16:03'),
(176, 9, 'My Sunset176', 'cloudy', 'Izakuro tetos dopdon cica den bicurho du pe fo arhu moho lakhu.', 'https://via.placeholder.com/549x353/769/fff/?text=My Sunset176', '2020-10-22 17:39:03', 'desert', 41, '2021-06-12 06:20:43'),
(177, 1, 'My Sunset177', 'windy', 'Ojwe zo wilme udgaw li awe ov uzurirwuk jobjemgak nifsujad humob firhon cuwig kalemos.', 'https://via.placeholder.com/413x544/B96/fff/?text=My Sunset177', '2020-03-04 07:52:01', 'beach', 50, '2021-09-26 04:28:19'),
(178, 10, 'My Sunset178', 'foggy', 'Be jevje apamulvew ifto me utpiz zi jub kiw vesbenkud jaso gujworuh.', 'https://via.placeholder.com/446x490/599/fff/?text=My Sunset178', '2021-02-19 00:07:22', 'top of mountain', 24, '2022-03-05 22:16:04'),
(179, 5, 'My Sunset179', 'rainy', 'Raziho ki cus nisrag siagivoj cejiwu tega za vo si afadabok eroditev nih hafone ut.', 'https://via.placeholder.com/552x370/948/fff/?text=My Sunset179', '2022-07-02 17:42:48', 'desert', 49, '2021-04-09 06:41:21'),
(180, 3, 'My Sunset180', 'snowy', 'Bu tip liwbo acize koten muz sas acesuve vav ujo pe omi ujouso bib dep pov wetebpi.', 'https://via.placeholder.com/524x593/B77/fff/?text=My Sunset180', '2022-07-05 23:53:15', 'cliff', 1, '2021-11-26 18:46:25'),
(181, 7, 'My Sunset181', 'rainy', 'No gafivo seer rozu rucceda ejzultus map igifeco tociwasug te cusvehiz ortuwsu wehfelfi duuceat jiletuma mu hafil wa.', 'https://via.placeholder.com/360x526/897/fff/?text=My Sunset181', '2022-07-28 00:43:26', 'desert', 39, '2021-10-23 19:28:32'),
(182, 1, 'My Sunset182', 'windy', 'Jo puz juc huele ehpufit owe ne nepje vuwlumalo deg kat wa.', 'https://via.placeholder.com/470x504/A75/fff/?text=My Sunset182', '2022-06-26 17:28:19', 'park', 17, '2022-01-20 21:36:36'),
(183, 4, 'My Sunset183', 'snowy', 'Geba tiktateg dilafpe gate odonuv mun repmu pe me ofeluvzib ku ivu baztefuk johu.', 'https://via.placeholder.com/449x363/9B9/fff/?text=My Sunset183', '2020-02-02 22:22:17', 'river', 19, '2020-09-11 20:13:53'),
(184, 7, 'My Sunset184', 'cloudy', 'Bob igtatsu sut daf valnuz ketekze umbitfuc va gakovo tic amozajiti badan fo tebger ner ni.', 'https://via.placeholder.com/546x565/334/fff/?text=My Sunset184', '2022-03-09 08:59:13', 'beach', 10, '2020-05-09 21:09:59'),
(185, 8, 'My Sunset185', 'clear', 'Ki za zuzsolso cid pu ramamkoz ujluv ad zuhi ivo ceez hasfuhto kiemu.', 'https://via.placeholder.com/439x547/339/fff/?text=My Sunset185', '2020-04-24 18:51:44', 'river', 23, '2022-05-10 04:03:14'),
(186, 4, 'My Sunset186', 'cloudy', 'Buz ecu zitonojo ove eneeva lut fagcene arpipir ifi udkecre lej mekgifte hu ziov namlenur.', 'https://via.placeholder.com/496x447/679/fff/?text=My Sunset186', '2022-09-23 01:54:04', 'skyscraper', 30, '2020-03-09 09:48:04'),
(187, 4, 'My Sunset187', 'foggy', 'Vigje deciviki ufeeri hiheli fusaow fietaok tewu lofoj hig bifveem runid naw fe ha.', 'https://via.placeholder.com/576x528/459/fff/?text=My Sunset187', '2020-01-23 21:05:59', 'skyscraper', 2, '2021-06-07 14:10:35'),
(188, 10, 'My Sunset188', 'rainy', 'Kohvofu ezog tiw jegwinig ma puih cavur un teco segpob uf larbu.', 'https://via.placeholder.com/426x409/749/fff/?text=My Sunset188', '2020-04-30 13:26:32', 'cliff', 38, '2021-12-19 18:31:18'),
(189, 5, 'My Sunset189', 'snowy', 'Ebe huitu apelesa ujdil irmi bazabzag uni ujehu kosicboh saraza epufena riclesze.', 'https://via.placeholder.com/531x410/4A7/fff/?text=My Sunset189', '2020-04-25 04:50:24', 'top of mountain', 9, '2020-11-08 14:41:52'),
(190, 7, 'My Sunset190', 'clear', 'Ubce zo un rot sunwena jitif pitodni ro tuddikos kaopa ticud ari ulatar.', 'https://via.placeholder.com/415x512/B48/fff/?text=My Sunset190', '2022-03-30 14:29:53', 'top of mountain', 43, '2020-10-29 22:25:28'),
(191, 5, 'My Sunset191', 'clear', 'Onzitiz epnot turip evbi tih nil noju duwtazgon nuhatu dojze ku udmof mulo ogo wa.', 'https://via.placeholder.com/388x470/7AA/fff/?text=My Sunset191', '2022-08-05 07:52:48', 'river', 35, '2022-06-22 09:49:27'),
(192, 3, 'My Sunset192', 'clear', 'Abitepgag zadamu fini cuv seneew kojmej voezo od tukod fol febzizav rula ic padare nod evkowu bupizuv.', 'https://via.placeholder.com/441x352/578/fff/?text=My Sunset192', '2020-08-29 10:43:18', 'desert', 15, '2020-08-06 14:13:12'),
(193, 1, 'My Sunset193', 'snowy', 'Eldo sok omehukok wubifa ozenuz wop humtu sami tam ul japom redidva senfopsuk fifmara ecojoesi nahvumem ku ke.', 'https://via.placeholder.com/456x362/954/fff/?text=My Sunset193', '2022-09-22 11:15:58', 'river', 44, '2021-10-16 02:25:07'),
(194, 1, 'My Sunset194', 'cloudy', 'Nim woze la gibughu vib zer towijiva wiwandeg icoipwu tob ragziw om og.', 'https://via.placeholder.com/575x502/474/fff/?text=My Sunset194', '2022-10-29 07:56:40', 'lake', 47, '2022-03-08 23:45:26'),
(195, 5, 'My Sunset195', 'clear', 'Oruta pe zom decendil gic ab azo feova uj poov geldajju ecapo edtepe nejrim.', 'https://via.placeholder.com/514x439/778/fff/?text=My Sunset195', '2022-07-27 02:01:55', 'beach', 38, '2020-05-13 16:40:46'),
(196, 9, 'My Sunset196', 'sea of clouds', 'Cu kujov hu zuf renwew vuakueze tu unde nunse avorfal lijevtiz agipifa iski pice hu vogiz.', 'https://via.placeholder.com/582x477/B98/fff/?text=My Sunset196', '2022-01-02 14:37:00', 'cliff', 47, '2022-08-13 05:40:19'),
(197, 4, 'My Sunset197', 'foggy', 'Mucso jojguh nanorra ma dudmuczes obipke ewi cupge ruggin jivzan una dihuj tobeb fan.', 'https://via.placeholder.com/563x561/788/fff/?text=My Sunset197', '2021-08-04 01:41:20', 'skyscraper', 15, '2022-04-07 14:23:14');
INSERT INTO `track_202290_sunsets` (`id`, `user_id`, `name`, `weather`, `description`, `img`, `date_create`, `landscape`, `location_id`, `sunset_time`) VALUES
(198, 9, 'My Sunset198', 'windy', 'Puta ifi wofo nu afetede defac je lonic omibhac fojedemar mudouz lufirukoh.', 'https://via.placeholder.com/598x464/656/fff/?text=My Sunset198', '2022-02-01 14:54:48', 'skyscraper', 24, '2021-09-13 16:59:44'),
(199, 7, 'My Sunset199', 'rainy', 'Ahoakeebo ridi vad butobra vu tejiwopuv je sufsan ga ecaez jukumba rucobta.', 'https://via.placeholder.com/581x418/698/fff/?text=My Sunset199', '2020-06-07 06:45:29', 'skyscraper', 15, '2022-03-24 23:51:18'),
(200, 6, 'My Sunset200', 'windy', 'Tiphed avi hov ifuanfu ivo ariru suc sewkaro awo zolwulvih pehe webocrud vamufju.', 'https://via.placeholder.com/556x356/B59/fff/?text=My Sunset200', '2022-03-10 15:34:50', 'lake', 35, '2021-12-01 04:19:06'),
(201, 2, 'My Sunset201', 'sunny', 'Febifos acakakbe ofhu icuvav cesofap wurkac cafzodig tuzvus rup jekavip milacab wogupli veriedi digob kegero javah.', 'https://via.placeholder.com/439x579/B58/fff/?text=My Sunset201', '2022-07-03 15:47:06', 'top of mountain', 9, '2021-11-15 06:52:15'),
(202, 2, 'My Sunset202', 'sea of clouds', 'Lepo ilatasca keceado ali kukhot numuwok sopa litit bebid oj gaca duv niohoras.', 'https://via.placeholder.com/412x515/54A/fff/?text=My Sunset202', '2022-11-18 06:12:05', 'river', 6, '2022-08-08 16:39:34'),
(203, 8, 'My Sunset203', 'cloudy', 'Navwip durcuref joivgi be livve nuscez kacej ficatu cihe fujfiwak armo nartova muwoweuso to.', 'https://via.placeholder.com/405x506/B55/fff/?text=My Sunset203', '2022-07-24 03:21:43', 'desert', 6, '2020-01-12 17:25:05'),
(204, 9, 'My Sunset204', 'windy', 'Babwe pecfu maero cunrohfo fe akumit dopuole ze iwevupmi mip fucbetta ho vagac filofego wel vo.', 'https://via.placeholder.com/507x431/833/fff/?text=My Sunset204', '2022-11-19 10:02:03', 'top of mountain', 45, '2020-01-10 01:34:28'),
(205, 6, 'My Sunset205', 'cloudy', 'Zu ok juwwo pujemij heze inu oji ova pi kapewuluk un dojofsu bucebbem vo.', 'https://via.placeholder.com/435x548/967/fff/?text=My Sunset205', '2021-10-25 13:28:04', 'lake', 31, '2020-07-23 07:21:36'),
(206, 9, 'My Sunset206', 'sea of clouds', 'Uvibof zempab nu tottan riwgepsu vofuli vej wi aluwica zalizu vez cub hemuluomu ipajez umeviga koge jol.', 'https://via.placeholder.com/414x498/B48/fff/?text=My Sunset206', '2022-08-08 22:11:11', 'river', 14, '2022-07-11 23:20:00'),
(207, 6, 'My Sunset207', 'cloudy', 'Hid muur medzarpo nervi tipissul kuhimi naf cigfel az fih mi tozonawi dotuna.', 'https://via.placeholder.com/599x379/B33/fff/?text=My Sunset207', '2021-07-13 09:59:20', 'skyscraper', 28, '2022-11-16 02:41:26'),
(208, 5, 'My Sunset208', 'clear', 'La gotivge ocacud petuzkaz boz utenur cikozu ira omrecu kutkab egguhwab bet pow toc paba do gim idho.', 'https://via.placeholder.com/440x424/73B/fff/?text=My Sunset208', '2020-02-04 00:56:05', 'desert', 2, '2022-04-27 01:08:31'),
(209, 1, 'My Sunset209', 'foggy', 'Pafa resgalito ibevevge riw mocdasu fop dewrifog ba nulalwap onabaz ha wakoop mo kuvuvkim.', 'https://via.placeholder.com/491x459/A4B/fff/?text=My Sunset209', '2021-01-28 23:57:01', 'lake', 29, '2020-11-17 02:04:27'),
(210, 1, 'My Sunset210', 'sea of clouds', 'Fot fu sugli pitduvvad amo zufwaf zitesla basiju pivemo kulajsaf hisnidon cujem nohuwegof envas gahsum codu dawpedo zusu.', 'https://via.placeholder.com/538x484/A8B/fff/?text=My Sunset210', '2022-07-31 20:19:06', 'river', 35, '2022-10-07 03:20:53'),
(211, 8, 'My Sunset211', 'snowy', 'Mu co ahbuc isoukje vivi jargufu ovuudnej anobicuk ja emto hescemloh cutwug ki agpuccaw.', 'https://via.placeholder.com/402x579/693/fff/?text=My Sunset211', '2020-07-31 05:27:56', 'beach', 17, '2022-10-19 23:40:10'),
(212, 8, 'My Sunset212', 'clear', 'Kibukijel lisibel degmusoj coc vig ufajlin va kowefec umnubura udargew legba dikupe ilu fen bopowepu.', 'https://via.placeholder.com/557x565/86B/fff/?text=My Sunset212', '2020-05-24 15:38:30', 'skyscraper', 36, '2021-12-21 13:58:36'),
(213, 9, 'My Sunset213', 'cloudy', 'Bigoc vujtiwwaj fuekwu go il kaf fuklabjuh ra wicu sohdu bitotoj riugo woenuiju titiero.', 'https://via.placeholder.com/500x441/687/fff/?text=My Sunset213', '2020-09-23 14:26:45', 'lake', 37, '2022-01-06 04:53:47'),
(214, 10, 'My Sunset214', 'sunny', 'Da cawkat bigbulil lerareme vewa saacoku abez gempepa ze hoazo te biifnum.', 'https://via.placeholder.com/565x441/937/fff/?text=My Sunset214', '2021-03-18 09:15:34', 'desert', 49, '2020-07-09 05:47:30'),
(215, 4, 'My Sunset215', 'clear', 'Ij uli do gomitjif et ti otahe ogu bahebgim dozgedceh koghif atuheco macigih big noznu kenun fow.', 'https://via.placeholder.com/553x544/B67/fff/?text=My Sunset215', '2020-03-25 18:33:28', 'skyscraper', 20, '2021-02-21 11:19:31'),
(216, 3, 'My Sunset216', 'snowy', 'Gumijifag tejus ilnikin mef idiav nas me se gazudned sep dizisoc efedo gebca ojguz dipzi.', 'https://via.placeholder.com/397x389/4AB/fff/?text=My Sunset216', '2022-09-01 20:52:44', 'skyscraper', 26, '2021-07-14 06:35:02'),
(217, 9, 'My Sunset217', 'sunny', 'Fissup neguguica ju sucajcuk waflotin vuede risbitow homi jur ke rov esta dobju.', 'https://via.placeholder.com/497x401/5AB/fff/?text=My Sunset217', '2022-08-03 18:25:27', 'beach', 4, '2020-06-25 15:02:05'),
(218, 3, 'My Sunset218', 'foggy', 'Zesigu genev onpenka mukas zupiivi fi tenig tuhzuez gis wo ew vu cecaddon caci elanimef tiifuro mujkencib ov.', 'https://via.placeholder.com/599x586/4A5/fff/?text=My Sunset218', '2022-02-24 07:20:18', 'top of mountain', 21, '2022-11-10 11:55:26'),
(219, 7, 'My Sunset219', 'foggy', 'Dumna beggulav pufurhi lehivir laf cer tufiw esdospah okfo usi da kejewi enso jedmuv rewerawa mi lunbit halaj.', 'https://via.placeholder.com/526x360/8A8/fff/?text=My Sunset219', '2022-05-19 00:36:07', 'skyscraper', 43, '2020-10-27 07:05:44'),
(220, 5, 'My Sunset220', 'snowy', 'Ad nov obo facipec dub gajiok ecve vaj fagdo fapitih cuez zad vo uc jippuhub.', 'https://via.placeholder.com/580x421/B74/fff/?text=My Sunset220', '2022-08-12 20:01:07', 'park', 12, '2022-05-06 09:47:05'),
(221, 5, 'My Sunset221', 'clear', 'Umadif madjuadi zehca ali caken ubegeavu edbidli ib weol mevwe murlidi ori nudisig tosemev lucef bu.', 'https://via.placeholder.com/506x401/745/fff/?text=My Sunset221', '2020-04-18 11:58:00', 'top of mountain', 47, '2022-11-13 13:45:45'),
(222, 5, 'My Sunset222', 'cloudy', 'Nehzonho joulah mojob am relucuk fogiretav pun su odure vemofe midame ezoemlo liwag pivwek nokzogez vuw vezvitbo kuk.', 'https://via.placeholder.com/404x359/63A/fff/?text=My Sunset222', '2022-05-06 04:08:49', 'top of mountain', 2, '2021-02-19 04:02:59'),
(223, 7, 'My Sunset223', 'rainy', 'To sermibil hed pincauv zucme teb sal fi un zij zunup tubafzef ku idhiici fiine wahu sol afajafar.', 'https://via.placeholder.com/575x525/4A3/fff/?text=My Sunset223', '2020-11-17 18:34:09', 'beach', 32, '2021-11-16 07:56:59'),
(224, 10, 'My Sunset224', 'windy', 'Ahuafu luzeub osezej bumtiera dov fatipu hetzu ciwapeh okhah ve ejce mum upu.', 'https://via.placeholder.com/366x572/63A/fff/?text=My Sunset224', '2020-01-13 15:34:30', 'river', 33, '2020-02-19 10:31:45'),
(225, 4, 'My Sunset225', 'foggy', 'Va ofomfe ve topus vihwib gewoh ardizi gah nej tiase andulpaj uwcunem lil wuwojawob eso.', 'https://via.placeholder.com/442x443/4B4/fff/?text=My Sunset225', '2021-01-17 04:07:00', 'river', 32, '2021-02-09 06:55:40'),
(226, 6, 'My Sunset226', 'cloudy', 'Anepocsos me mimpo wikika wawmi voile hofihu tokohuw po je gijro ka lof.', 'https://via.placeholder.com/482x585/754/fff/?text=My Sunset226', '2021-02-12 11:09:48', 'river', 21, '2020-07-04 20:27:10'),
(227, 8, 'My Sunset227', 'sunny', 'Zurab bidcobu lehhuj purtojah onaf tif zeljumivu satote pimorri dok ewu nawukan bitut.', 'https://via.placeholder.com/456x517/99B/fff/?text=My Sunset227', '2021-11-28 13:27:30', 'cliff', 41, '2021-05-16 10:05:45'),
(228, 10, 'My Sunset228', 'rainy', 'Rap mirzo ra hu faravav soagja ic za manove soasezob rap tafi ica rigehpuv anoda.', 'https://via.placeholder.com/545x461/48B/fff/?text=My Sunset228', '2020-12-16 20:34:36', 'cliff', 25, '2020-07-03 18:50:54'),
(229, 1, 'My Sunset229', 'rainy', 'Va jiw judfuh iki hanawo caw dikasu allocnoc urepozid guma zootsaz cagna wanoh efo egagujpuj.', 'https://via.placeholder.com/415x404/BA6/fff/?text=My Sunset229', '2021-02-02 16:03:11', 'cliff', 3, '2021-05-25 10:26:46'),
(230, 9, 'My Sunset230', 'snowy', 'Hiwbo uchap durwoneh gupol wen kepaseg unevan uhnek isofolsi owe zivmopiji li egsevwun.', 'https://via.placeholder.com/436x569/435/fff/?text=My Sunset230', '2021-10-20 19:30:55', 'skyscraper', 48, '2021-10-12 00:52:09'),
(231, 9, 'My Sunset231', 'foggy', 'Gi zuf uheagce agu wuza hoeg obuzsap dun zatig co lucita habezbah ce zasowpu wasoto jo.', 'https://via.placeholder.com/575x409/494/fff/?text=My Sunset231', '2022-02-10 03:13:33', 'river', 24, '2022-04-27 18:59:51'),
(232, 9, 'My Sunset232', 'rainy', 'Uvob gawpumriw maj ahcudva lomasma hihi kup owetvok pubovvu cu gegge nuvjoftag hoecajum evazop nikihi.', 'https://via.placeholder.com/370x422/8A7/fff/?text=My Sunset232', '2021-09-04 03:31:06', 'cliff', 27, '2021-05-15 02:44:53'),
(233, 6, 'My Sunset233', 'windy', 'Zow nicvaez vizaza woasofe ledni feholfi vajrabod lohli uraedi olji ame mudazap uzubedo.', 'https://via.placeholder.com/359x446/976/fff/?text=My Sunset233', '2021-11-30 11:12:43', 'lake', 29, '2020-07-19 12:32:00'),
(234, 4, 'My Sunset234', 'clear', 'Ocsova iwa luwfeshuh hecuzubi iwa lig silirwol moru rat ketan muvjugtu hizde sagge jiwef ve vupec jukeme dih.', 'https://via.placeholder.com/462x468/6B9/fff/?text=My Sunset234', '2021-01-05 05:02:34', 'top of mountain', 12, '2022-09-24 09:09:35'),
(235, 4, 'My Sunset235', 'snowy', 'Rivmu ruzubici wu kekra luf da cabore dedkagu ba davhev vicikika ti naskuhmu kisim jud.', 'https://via.placeholder.com/590x599/788/fff/?text=My Sunset235', '2021-01-22 03:26:10', 'beach', 36, '2021-10-05 03:49:26'),
(236, 7, 'My Sunset236', 'foggy', 'Hiw eroku gimripbum dew ha irimerdo ahazodfe mezojcam wihuz vis upewoz arefo ropepnet ju zavcimof okilinote.', 'https://via.placeholder.com/600x389/646/fff/?text=My Sunset236', '2020-06-18 05:24:26', 'lake', 15, '2022-06-12 16:29:48'),
(237, 2, 'My Sunset237', 'snowy', 'Wavgapin kiuv fezbumic eppov ec tarzo ilijavfoz odfoiva tadum akdocom umutu ug nowedmo.', 'https://via.placeholder.com/560x421/54A/fff/?text=My Sunset237', '2022-08-25 00:42:19', 'desert', 17, '2020-04-18 04:56:12'),
(238, 2, 'My Sunset238', 'sea of clouds', 'Fi ahaez ki ju ladasev for acsooga sozvok pujaz uj ojaha boehode up.', 'https://via.placeholder.com/536x583/64A/fff/?text=My Sunset238', '2020-06-22 00:41:37', 'desert', 26, '2020-02-23 23:52:21'),
(239, 2, 'My Sunset239', 'snowy', 'Tup gamo juoras afaip gaz kuhhuk ni ka icmib adi rehven nokucmig hecwogduj sag uziladhek nutvah wihocdul owsu.', 'https://via.placeholder.com/544x422/344/fff/?text=My Sunset239', '2020-09-16 03:01:59', 'river', 20, '2021-08-01 17:07:24'),
(240, 9, 'My Sunset240', 'foggy', 'Pon zic is furibsig vupem fuuhhuh bafomoka kuzzoza dibmifif ir viw vowlojgaj lu.', 'https://via.placeholder.com/444x373/43A/fff/?text=My Sunset240', '2022-09-07 17:53:05', 'river', 42, '2020-09-13 11:20:48'),
(241, 1, 'My Sunset241', 'sea of clouds', 'Ocewep rujuup acuren gol gade ladpolo linuvesof pidit ni uzeti bofpe buancoh na fatfi joutuca rizhak.', 'https://via.placeholder.com/569x358/896/fff/?text=My Sunset241', '2021-02-03 22:48:23', 'desert', 33, '2020-09-21 23:36:02'),
(242, 5, 'My Sunset242', 'foggy', 'Cuzejuze ah cibvuzas vi iveulmup gahla fat fosculuso pousid fuknu feh zo lezjirfeh bohok zuckogpac labanuf to kew.', 'https://via.placeholder.com/351x536/A79/fff/?text=My Sunset242', '2021-04-03 02:40:01', 'skyscraper', 45, '2022-02-24 06:28:05'),
(243, 7, 'My Sunset243', 'rainy', 'Ajzekob lipuheipo esdezhu me povowe losin jeszufbe igten cavihpa mu ca rul.', 'https://via.placeholder.com/359x562/73B/fff/?text=My Sunset243', '2021-01-13 18:44:43', 'park', 7, '2020-06-05 12:39:52'),
(244, 9, 'My Sunset244', 'sea of clouds', 'Raw huk kum ivefuc ucjoj copu mikiice ina wofobet ceh evaki gavwitpep sanah.', 'https://via.placeholder.com/526x389/A39/fff/?text=My Sunset244', '2021-07-03 02:12:15', 'park', 27, '2021-05-11 01:13:53'),
(245, 5, 'My Sunset245', 'snowy', 'Nijiz urait zujamar hoz loluza duv cad veg huvehbel ro go diwo magro um orgok ud wi.', 'https://via.placeholder.com/506x523/BA6/fff/?text=My Sunset245', '2020-03-13 16:08:20', 'desert', 21, '2021-05-07 23:06:33'),
(246, 8, 'My Sunset246', 'windy', 'Paz ne dacu laslev haiko togiobi cukuzza hejovauw suc izlog tibotwop sebe hal we hekuz neformus lebma sizne.', 'https://via.placeholder.com/548x404/BB5/fff/?text=My Sunset246', '2020-11-21 01:08:26', 'desert', 6, '2020-11-23 05:17:30'),
(247, 9, 'My Sunset247', 'sea of clouds', 'Onous numperno jehge ziwkivda ju dagjaz udtabep menluari wudon lulufa dosnel jeipsew zukgampi hiputi.', 'https://via.placeholder.com/444x549/757/fff/?text=My Sunset247', '2020-02-03 20:58:14', 'river', 4, '2022-09-26 05:04:17'),
(248, 7, 'My Sunset248', 'windy', 'Gacme arecfup zeh inuajilu pib suab wigob ko now ibnaku niprotaga mu ife bojefma ijtewdog zofeboh.', 'https://via.placeholder.com/542x593/B44/fff/?text=My Sunset248', '2022-04-14 11:19:05', 'desert', 29, '2022-11-06 10:15:51'),
(249, 5, 'My Sunset249', 'clear', 'Lurcuf horve veib bursen pekem gak na zuetiew femebu se morlago guwom sujwa lon gebsaw wegewos su ami.', 'https://via.placeholder.com/534x583/B35/fff/?text=My Sunset249', '2020-09-29 17:47:46', 'beach', 21, '2020-08-02 07:38:41'),
(250, 1, 'My Sunset250', 'windy', 'Bi rik nuwfal diuho ful guc jadvewi rokomris cuz uka ehu doled eh fijeb zehilhos ka nigzo.', 'https://via.placeholder.com/450x480/B89/fff/?text=My Sunset250', '2021-05-22 12:22:21', 'cliff', 8, '2021-03-04 16:25:58');

-- --------------------------------------------------------

--
-- Table structure for table `track_202290_users`
--

CREATE TABLE `track_202290_users` (
  `id` int(13) NOT NULL,
  `name` varchar(64) NOT NULL,
  `username` varchar(64) NOT NULL,
  `email` varchar(128) NOT NULL,
  `password` varchar(32) NOT NULL,
  `img` varchar(256) NOT NULL,
  `date_create` datetime NOT NULL
) ENGINE=InnoDB DEFAULT CHARSET=latin1;

--
-- Dumping data for table `track_202290_users`
--

INSERT INTO `track_202290_users` (`id`, `name`, `username`, `email`, `password`, `img`, `date_create`) VALUES
(1, 'Frank Lamb', 'user1', 'user1@gmail.com', '1a1dc91c907325c69271ddf0c944bc72', 'https://via.placeholder.com/357x439/786/fff/?text=Frank Lamb', '2020-10-12 04:51:33'),
(2, 'Caroline Valdez', 'user2', 'user2@gmail.com', '1a1dc91c907325c69271ddf0c944bc72', 'https://via.placeholder.com/503x353/474/fff/?text=Caroline Valdez', '2021-10-19 04:49:34'),
(3, 'Robert Luna', 'user3', 'user3@gmail.com', '1a1dc91c907325c69271ddf0c944bc72', 'https://via.placeholder.com/478x419/BA4/fff/?text=Robert Luna', '2020-06-24 12:28:40'),
(4, 'Allie Daniel', 'user4', 'user4@gmail.com', '1a1dc91c907325c69271ddf0c944bc72', 'https://via.placeholder.com/511x491/B66/fff/?text=Allie Daniel', '2022-07-09 00:35:25'),
(5, 'Chester Lynch', 'user5', 'user5@gmail.com', '1a1dc91c907325c69271ddf0c944bc72', 'https://via.placeholder.com/511x549/B89/fff/?text=Chester Lynch', '2022-07-22 12:21:47'),
(6, 'Oscar Hart', 'user6', 'user6@gmail.com', '1a1dc91c907325c69271ddf0c944bc72', 'https://via.placeholder.com/498x449/389/fff/?text=Oscar Hart', '2021-08-10 21:05:32'),
(7, 'Antonio Underwood', 'user7', 'user7@gmail.com', '1a1dc91c907325c69271ddf0c944bc72', 'https://via.placeholder.com/381x350/4AB/fff/?text=Antonio Underwood', '2022-01-09 17:53:08'),
(8, 'Vincent Lane', 'user8', 'user8@gmail.com', '1a1dc91c907325c69271ddf0c944bc72', 'https://via.placeholder.com/459x460/987/fff/?text=Vincent Lane', '2022-06-27 03:34:41'),
(9, 'Joshua Dennis', 'user9', 'user9@gmail.com', '1a1dc91c907325c69271ddf0c944bc72', 'https://via.placeholder.com/450x527/3B9/fff/?text=Joshua Dennis', '2020-11-19 12:46:18'),
(10, 'Glen Moreno', 'user10', 'user10@gmail.com', '1a1dc91c907325c69271ddf0c944bc72', 'https://via.placeholder.com/527x472/BAA/fff/?text=Glen Moreno', '2021-06-23 01:42:34');

--
-- Indexes for dumped tables
--

--
-- Indexes for table `track_202290_locations`
--
ALTER TABLE `track_202290_locations`
  ADD PRIMARY KEY (`id`);

--
-- Indexes for table `track_202290_sunsets`
--
ALTER TABLE `track_202290_sunsets`
  ADD PRIMARY KEY (`id`);

--
-- Indexes for table `track_202290_users`
--
ALTER TABLE `track_202290_users`
  ADD PRIMARY KEY (`id`);

--
-- AUTO_INCREMENT for dumped tables
--

--
-- AUTO_INCREMENT for table `track_202290_locations`
--
ALTER TABLE `track_202290_locations`
  MODIFY `id` int(13) NOT NULL AUTO_INCREMENT, AUTO_INCREMENT=51;

--
-- AUTO_INCREMENT for table `track_202290_sunsets`
--
ALTER TABLE `track_202290_sunsets`
  MODIFY `id` int(13) NOT NULL AUTO_INCREMENT, AUTO_INCREMENT=251;

--
-- AUTO_INCREMENT for table `track_202290_users`
--
ALTER TABLE `track_202290_users`
  MODIFY `id` int(13) NOT NULL AUTO_INCREMENT, AUTO_INCREMENT=11;
COMMIT;

/*!40101 SET CHARACTER_SET_CLIENT=@OLD_CHARACTER_SET_CLIENT */;
/*!40101 SET CHARACTER_SET_RESULTS=@OLD_CHARACTER_SET_RESULTS */;
/*!40101 SET COLLATION_CONNECTION=@OLD_COLLATION_CONNECTION */;
